fee_schedule_id,class_id,fund_id,class_name_normalized,period_type,effective_from_event,effective_to_event,rate_type,management_fee,base_management_fee,min_management_fee,max_management_fee,sales_fee,trust_fee,admin_fee,total_fee,min_total_fee,max_total_fee,total_expense_ratio,benchmark_type,benchmark_rate,performance_multiplier,lookback_months,recalculation_months,formula,source_doc_id,source_page,source_text
FEESCHED000001,CLASS000077,FUND000006,A,BEFORE_OPERATION_CONVERSION,최초설정일,운용전환일 전일,,0.3,,,,0.1,0.028,0.015,0.443,,,0.443,,,,,,,DOC000006,33,[p.33] 최초설정일부터 운용전환일 전일까지 종류 A; 총보수 0.443%
FEESCHED000002,CLASS000078,FUND000006,Ae,BEFORE_OPERATION_CONVERSION,최초설정일,운용전환일 전일,,0.3,,,,0.05,0.028,0.015,0.393,,,0.393,,,,,,,DOC000006,33,[p.33] 최초설정일부터 운용전환일 전일까지 종류 Ae; 총보수 0.393%
FEESCHED000003,CLASS000079,FUND000006,AG,BEFORE_OPERATION_CONVERSION,최초설정일,운용전환일 전일,,0.3,,,,0.06,0.028,0.015,0.403,,,0.403,,,,,,,DOC000006,33,[p.33] 최초설정일부터 운용전환일 전일까지 종류 AG; 총보수 0.403%
FEESCHED000004,CLASS000080,FUND000006,C,BEFORE_OPERATION_CONVERSION,최초설정일,운용전환일 전일,,0.3,,,,0.7,0.028,0.015,1.043,,,1.043,,,,,,,DOC000006,33,[p.33] 최초설정일부터 운용전환일 전일까지 종류 C; 총보수 1.043%
FEESCHED000005,CLASS000081,FUND000006,Ce,BEFORE_OPERATION_CONVERSION,최초설정일,운용전환일 전일,,0.3,,,,0.35,0.028,0.015,0.693,,,0.693,,,,,,,DOC000006,33,[p.33] 최초설정일부터 운용전환일 전일까지 종류 Ce; 총보수 0.693%
FEESCHED000006,CLASS000082,FUND000006,CI,BEFORE_OPERATION_CONVERSION,최초설정일,운용전환일 전일,,0.3,,,,0.04,0.028,0.015,0.383,,,0.383,,,,,,,DOC000006,33,[p.33] 최초설정일부터 운용전환일 전일까지 종류 CI; 총보수 0.383%
FEESCHED000007,CLASS000083,FUND000006,CG,BEFORE_OPERATION_CONVERSION,최초설정일,운용전환일 전일,,0.3,,,,0.5,0.028,0.015,0.843,,,0.843,,,,,,,DOC000006,34,[p.34] 최초설정일부터 운용전환일 전일까지 종류 CG; 총보수 0.843%
FEESCHED000008,CLASS000084,FUND000006,CW,BEFORE_OPERATION_CONVERSION,최초설정일,운용전환일 전일,,0.3,,,,0,0.028,0.015,0.343,,,0.343,,,,,,,DOC000006,34,[p.34] 최초설정일부터 운용전환일 전일까지 종류 CW; 총보수 0.343%
FEESCHED000009,CLASS000085,FUND000006,C-P,BEFORE_OPERATION_CONVERSION,최초설정일,운용전환일 전일,,0.3,,,,0.4,0.028,0.015,0.743,,,0.743,,,,,,,DOC000006,34,[p.34] 최초설정일부터 운용전환일 전일까지 종류 C-P; 총보수 0.743%
FEESCHED000010,CLASS000086,FUND000006,C-Pe,BEFORE_OPERATION_CONVERSION,최초설정일,운용전환일 전일,,0.3,,,,0.2,0.028,0.015,0.543,,,0.543,,,,,,,DOC000006,34,[p.34] 최초설정일부터 운용전환일 전일까지 종류 C-Pe; 총보수 0.543%
FEESCHED000011,CLASS000087,FUND000006,C-P2,BEFORE_OPERATION_CONVERSION,최초설정일,운용전환일 전일,,0.3,,,,0.3,0.028,0.015,0.643,,,0.643,,,,,,,DOC000006,34,[p.34] 최초설정일부터 운용전환일 전일까지 종류 C-P2; 총보수 0.643%
FEESCHED000012,CLASS000088,FUND000006,C-Pe2,BEFORE_OPERATION_CONVERSION,최초설정일,운용전환일 전일,,0.3,,,,0.15,0.028,0.015,0.493,,,0.493,,,,,,,DOC000006,34,[p.34] 최초설정일부터 운용전환일 전일까지 종류 C-Pe2; 총보수 0.493%
FEESCHED000013,CLASS000077,FUND000006,A,AFTER_OPERATION_CONVERSION,운용전환일,해지일,,0.1,,,,0.02,0.01,0.01,0.14,,,0.14,,,,,,,DOC000006,34|35,[p.34|35] 운용전환일부터 해지일까지 종류 A; 총보수 0.14%
FEESCHED000014,CLASS000078,FUND000006,Ae,AFTER_OPERATION_CONVERSION,운용전환일,해지일,,0.1,,,,0.01,0.01,0.01,0.13,,,0.13,,,,,,,DOC000006,34|35,[p.34|35] 운용전환일부터 해지일까지 종류 Ae; 총보수 0.13%
FEESCHED000015,CLASS000079,FUND000006,AG,AFTER_OPERATION_CONVERSION,운용전환일,해지일,,0.1,,,,0.018,0.01,0.01,0.138,,,0.138,,,,,,,DOC000006,34|35,[p.34|35] 운용전환일부터 해지일까지 종류 AG; 총보수 0.138%
FEESCHED000016,CLASS000080,FUND000006,C,AFTER_OPERATION_CONVERSION,운용전환일,해지일,,0.1,,,,0.12,0.01,0.01,0.24,,,0.24,,,,,,,DOC000006,34|35,[p.34|35] 운용전환일부터 해지일까지 종류 C; 총보수 0.24%
FEESCHED000017,CLASS000081,FUND000006,Ce,AFTER_OPERATION_CONVERSION,운용전환일,해지일,,0.1,,,,0.06,0.01,0.01,0.18,,,0.18,,,,,,,DOC000006,34|35,[p.34|35] 운용전환일부터 해지일까지 종류 Ce; 총보수 0.18%
FEESCHED000018,CLASS000082,FUND000006,CI,AFTER_OPERATION_CONVERSION,운용전환일,해지일,,0.1,,,,0.015,0.01,0.01,0.135,,,0.135,,,,,,,DOC000006,34|35,[p.34|35] 운용전환일부터 해지일까지 종류 CI; 총보수 0.135%
FEESCHED000019,CLASS000083,FUND000006,CG,AFTER_OPERATION_CONVERSION,운용전환일,해지일,,0.1,,,,0.08,0.01,0.01,0.2,,,0.2,,,,,,,DOC000006,35,[p.35] 운용전환일부터 해지일까지 종류 CG; 총보수 0.2%
FEESCHED000020,CLASS000084,FUND000006,CW,AFTER_OPERATION_CONVERSION,운용전환일,해지일,,0.1,,,,0,0.01,0.01,0.12,,,0.12,,,,,,,DOC000006,35,[p.35] 운용전환일부터 해지일까지 종류 CW; 총보수 0.12%
FEESCHED000021,CLASS000085,FUND000006,C-P,AFTER_OPERATION_CONVERSION,운용전환일,해지일,,0.1,,,,0.07,0.01,0.01,0.19,,,0.19,,,,,,,DOC000006,35,[p.35] 운용전환일부터 해지일까지 종류 C-P; 총보수 0.19%
FEESCHED000022,CLASS000086,FUND000006,C-Pe,AFTER_OPERATION_CONVERSION,운용전환일,해지일,,0.1,,,,0.035,0.01,0.01,0.155,,,0.155,,,,,,,DOC000006,35,[p.35] 운용전환일부터 해지일까지 종류 C-Pe; 총보수 0.155%
FEESCHED000023,CLASS000087,FUND000006,C-P2,AFTER_OPERATION_CONVERSION,운용전환일,해지일,,0.1,,,,0.068,0.01,0.01,0.188,,,0.188,,,,,,,DOC000006,35,[p.35] 운용전환일부터 해지일까지 종류 C-P2; 총보수 0.188%
FEESCHED000024,CLASS000088,FUND000006,C-Pe2,AFTER_OPERATION_CONVERSION,운용전환일,해지일,,0.1,,,,0.034,0.01,0.01,0.154,,,0.154,,,,,,,DOC000006,35,[p.35] 운용전환일부터 해지일까지 종류 C-Pe2; 총보수 0.154%
FEESCHED000025,CLASS000220,FUND000016,A,INITIAL_FIXED_RATE,최초설정일,최초 성과연동 운용보수율을 반영한 정정신고 효력발생일 전일,FIXED,0.8,0.8,0.8,0.8,0.6,0.04,0.02,1.46,1.46,1.46,1.46,,,,,,,DOC000016,34|36|37,"[p.34,36-37] 종류 A; 최초 설정 후 성과평가 및 정정신고 효력발생 전까지 기본운용보수 0.8%; 총보수 1.46%"
FEESCHED000026,CLASS000220,FUND000016,A,PERFORMANCE_LINKED_RATE,최초 성과연동 운용보수율을 반영한 정정신고 효력발생일,다음 성과연동 운용보수율을 반영한 정정신고 효력발생일 전일(매 3개월 재산정),FORMULA,,0.8,0,1.6,0.6,0.04,0.02,,0.66,2.26,,ABSOLUTE_RETURN,8,0.1,12,3,"clamp(0.80 + (보수 차감 전 자펀드 최근 1년 수익률 - 8.00) * 0.10, 0.00, 1.60)",DOC000016,34|35|36|37,"[p.34-37] 종류 A; 최근 1년 보수 차감 전 자펀드 수익률 기준; 기준수익률 연 8%; 성과반영률 0.1; 매 3개월 산정; 최종 운용보수 0~1.60%; 정정신고 효력발생일부터 적용; 총보수 범위 0.66~2.26%; 1,000만원 비용 예시는 연 8% 및 성과운용보수 미적용 가정"
FEESCHED000027,CLASS000221,FUND000016,A-e,INITIAL_FIXED_RATE,최초설정일,최초 성과연동 운용보수율을 반영한 정정신고 효력발생일 전일,FIXED,0.8,0.8,0.8,0.8,0.3,0.04,0.02,1.16,1.16,1.16,1.16,,,,,,,DOC000016,34|36|37,"[p.34,36-37] 종류 A-e; 최초 설정 후 성과평가 및 정정신고 효력발생 전까지 기본운용보수 0.8%; 총보수 1.16%"
FEESCHED000028,CLASS000221,FUND000016,A-e,PERFORMANCE_LINKED_RATE,최초 성과연동 운용보수율을 반영한 정정신고 효력발생일,다음 성과연동 운용보수율을 반영한 정정신고 효력발생일 전일(매 3개월 재산정),FORMULA,,0.8,0,1.6,0.3,0.04,0.02,,0.36,1.96,,ABSOLUTE_RETURN,8,0.1,12,3,"clamp(0.80 + (보수 차감 전 자펀드 최근 1년 수익률 - 8.00) * 0.10, 0.00, 1.60)",DOC000016,34|35|36|37,"[p.34-37] 종류 A-e; 최근 1년 보수 차감 전 자펀드 수익률 기준; 기준수익률 연 8%; 성과반영률 0.1; 매 3개월 산정; 최종 운용보수 0~1.60%; 정정신고 효력발생일부터 적용; 총보수 범위 0.36~1.96%; 1,000만원 비용 예시는 연 8% 및 성과운용보수 미적용 가정"
FEESCHED000029,CLASS000222,FUND000016,AG,INITIAL_FIXED_RATE,최초설정일,최초 성과연동 운용보수율을 반영한 정정신고 효력발생일 전일,FIXED,0.8,0.8,0.8,0.8,0.42,0.04,0.02,1.28,1.28,1.28,1.28,,,,,,,DOC000016,34|36|37,"[p.34,36-37] 종류 AG; 최초 설정 후 성과평가 및 정정신고 효력발생 전까지 기본운용보수 0.8%; 총보수 1.28%"
FEESCHED000030,CLASS000222,FUND000016,AG,PERFORMANCE_LINKED_RATE,최초 성과연동 운용보수율을 반영한 정정신고 효력발생일,다음 성과연동 운용보수율을 반영한 정정신고 효력발생일 전일(매 3개월 재산정),FORMULA,,0.8,0,1.6,0.42,0.04,0.02,,0.48,2.08,,ABSOLUTE_RETURN,8,0.1,12,3,"clamp(0.80 + (보수 차감 전 자펀드 최근 1년 수익률 - 8.00) * 0.10, 0.00, 1.60)",DOC000016,34|35|36|37,"[p.34-37] 종류 AG; 최근 1년 보수 차감 전 자펀드 수익률 기준; 기준수익률 연 8%; 성과반영률 0.1; 매 3개월 산정; 최종 운용보수 0~1.60%; 정정신고 효력발생일부터 적용; 총보수 범위 0.48~2.08%; 1,000만원 비용 예시는 연 8% 및 성과운용보수 미적용 가정"
FEESCHED000031,CLASS000223,FUND000016,C,INITIAL_FIXED_RATE,최초설정일,최초 성과연동 운용보수율을 반영한 정정신고 효력발생일 전일,FIXED,0.8,0.8,0.8,0.8,0.95,0.04,0.02,1.81,1.81,1.81,1.81,,,,,,,DOC000016,34|36|37,"[p.34,36-37] 종류 C; 최초 설정 후 성과평가 및 정정신고 효력발생 전까지 기본운용보수 0.8%; 총보수 1.81%"
FEESCHED000032,CLASS000223,FUND000016,C,PERFORMANCE_LINKED_RATE,최초 성과연동 운용보수율을 반영한 정정신고 효력발생일,다음 성과연동 운용보수율을 반영한 정정신고 효력발생일 전일(매 3개월 재산정),FORMULA,,0.8,0,1.6,0.95,0.04,0.02,,1.01,2.61,,ABSOLUTE_RETURN,8,0.1,12,3,"clamp(0.80 + (보수 차감 전 자펀드 최근 1년 수익률 - 8.00) * 0.10, 0.00, 1.60)",DOC000016,34|35|36|37,"[p.34-37] 종류 C; 최근 1년 보수 차감 전 자펀드 수익률 기준; 기준수익률 연 8%; 성과반영률 0.1; 매 3개월 산정; 최종 운용보수 0~1.60%; 정정신고 효력발생일부터 적용; 총보수 범위 1.01~2.61%; 1,000만원 비용 예시는 연 8% 및 성과운용보수 미적용 가정"
FEESCHED000033,CLASS000224,FUND000016,C-e,INITIAL_FIXED_RATE,최초설정일,최초 성과연동 운용보수율을 반영한 정정신고 효력발생일 전일,FIXED,0.8,0.8,0.8,0.8,0.47,0.04,0.02,1.33,1.33,1.33,1.33,,,,,,,DOC000016,34|36|37,"[p.34,36-37] 종류 C-e; 최초 설정 후 성과평가 및 정정신고 효력발생 전까지 기본운용보수 0.8%; 총보수 1.33%"
FEESCHED000034,CLASS000224,FUND000016,C-e,PERFORMANCE_LINKED_RATE,최초 성과연동 운용보수율을 반영한 정정신고 효력발생일,다음 성과연동 운용보수율을 반영한 정정신고 효력발생일 전일(매 3개월 재산정),FORMULA,,0.8,0,1.6,0.47,0.04,0.02,,0.53,2.13,,ABSOLUTE_RETURN,8,0.1,12,3,"clamp(0.80 + (보수 차감 전 자펀드 최근 1년 수익률 - 8.00) * 0.10, 0.00, 1.60)",DOC000016,34|35|36|37,"[p.34-37] 종류 C-e; 최근 1년 보수 차감 전 자펀드 수익률 기준; 기준수익률 연 8%; 성과반영률 0.1; 매 3개월 산정; 최종 운용보수 0~1.60%; 정정신고 효력발생일부터 적용; 총보수 범위 0.53~2.13%; 1,000만원 비용 예시는 연 8% 및 성과운용보수 미적용 가정"
FEESCHED000035,CLASS000225,FUND000016,CG,INITIAL_FIXED_RATE,최초설정일,최초 성과연동 운용보수율을 반영한 정정신고 효력발생일 전일,FIXED,0.8,0.8,0.8,0.8,0.66,0.04,0.02,1.52,1.52,1.52,1.52,,,,,,,DOC000016,34|36|37,"[p.34,36-37] 종류 CG; 최초 설정 후 성과평가 및 정정신고 효력발생 전까지 기본운용보수 0.8%; 총보수 1.52%"
FEESCHED000036,CLASS000225,FUND000016,CG,PERFORMANCE_LINKED_RATE,최초 성과연동 운용보수율을 반영한 정정신고 효력발생일,다음 성과연동 운용보수율을 반영한 정정신고 효력발생일 전일(매 3개월 재산정),FORMULA,,0.8,0,1.6,0.66,0.04,0.02,,0.72,2.32,,ABSOLUTE_RETURN,8,0.1,12,3,"clamp(0.80 + (보수 차감 전 자펀드 최근 1년 수익률 - 8.00) * 0.10, 0.00, 1.60)",DOC000016,34|35|36|37,"[p.34-37] 종류 CG; 최근 1년 보수 차감 전 자펀드 수익률 기준; 기준수익률 연 8%; 성과반영률 0.1; 매 3개월 산정; 최종 운용보수 0~1.60%; 정정신고 효력발생일부터 적용; 총보수 범위 0.72~2.32%; 1,000만원 비용 예시는 연 8% 및 성과운용보수 미적용 가정"
FEESCHED000037,CLASS000226,FUND000016,C-I,INITIAL_FIXED_RATE,최초설정일,최초 성과연동 운용보수율을 반영한 정정신고 효력발생일 전일,FIXED,0.8,0.8,0.8,0.8,0.03,0.04,0.02,0.89,0.89,0.89,0.89,,,,,,,DOC000016,34|36|37,"[p.34,36-37] 종류 C-I; 최초 설정 후 성과평가 및 정정신고 효력발생 전까지 기본운용보수 0.8%; 총보수 0.89%"
FEESCHED000038,CLASS000226,FUND000016,C-I,PERFORMANCE_LINKED_RATE,최초 성과연동 운용보수율을 반영한 정정신고 효력발생일,다음 성과연동 운용보수율을 반영한 정정신고 효력발생일 전일(매 3개월 재산정),FORMULA,,0.8,0,1.6,0.03,0.04,0.02,,0.09,1.69,,ABSOLUTE_RETURN,8,0.1,12,3,"clamp(0.80 + (보수 차감 전 자펀드 최근 1년 수익률 - 8.00) * 0.10, 0.00, 1.60)",DOC000016,34|35|36|37,"[p.34-37] 종류 C-I; 최근 1년 보수 차감 전 자펀드 수익률 기준; 기준수익률 연 8%; 성과반영률 0.1; 매 3개월 산정; 최종 운용보수 0~1.60%; 정정신고 효력발생일부터 적용; 총보수 범위 0.09~1.69%; 1,000만원 비용 예시는 연 8% 및 성과운용보수 미적용 가정"
FEESCHED000039,CLASS000227,FUND000016,S,INITIAL_FIXED_RATE,최초설정일,최초 성과연동 운용보수율을 반영한 정정신고 효력발생일 전일,FIXED,0.8,0.8,0.8,0.8,0.29,0.04,0.02,1.15,1.15,1.15,1.15,,,,,,,DOC000016,34|36|37,"[p.34,36-37] 종류 S; 최초 설정 후 성과평가 및 정정신고 효력발생 전까지 기본운용보수 0.8%; 총보수 1.15%"
FEESCHED000040,CLASS000227,FUND000016,S,PERFORMANCE_LINKED_RATE,최초 성과연동 운용보수율을 반영한 정정신고 효력발생일,다음 성과연동 운용보수율을 반영한 정정신고 효력발생일 전일(매 3개월 재산정),FORMULA,,0.8,0,1.6,0.29,0.04,0.02,,0.35,1.95,,ABSOLUTE_RETURN,8,0.1,12,3,"clamp(0.80 + (보수 차감 전 자펀드 최근 1년 수익률 - 8.00) * 0.10, 0.00, 1.60)",DOC000016,34|35|36|37,"[p.34-37] 종류 S; 최근 1년 보수 차감 전 자펀드 수익률 기준; 기준수익률 연 8%; 성과반영률 0.1; 매 3개월 산정; 최종 운용보수 0~1.60%; 정정신고 효력발생일부터 적용; 총보수 범위 0.35~1.95%; 1,000만원 비용 예시는 연 8% 및 성과운용보수 미적용 가정"
FEESCHED000041,CLASS000228,FUND000016,C-s,INITIAL_FIXED_RATE,최초설정일,최초 성과연동 운용보수율을 반영한 정정신고 효력발생일 전일,FIXED,0.8,0.8,0.8,0.8,0.01,0.04,0.02,0.87,0.87,0.87,0.87,,,,,,,DOC000016,34|36|37,"[p.34,36-37] 종류 C-s; 최초 설정 후 성과평가 및 정정신고 효력발생 전까지 기본운용보수 0.8%; 총보수 0.87%"
FEESCHED000042,CLASS000228,FUND000016,C-s,PERFORMANCE_LINKED_RATE,최초 성과연동 운용보수율을 반영한 정정신고 효력발생일,다음 성과연동 운용보수율을 반영한 정정신고 효력발생일 전일(매 3개월 재산정),FORMULA,,0.8,0,1.6,0.01,0.04,0.02,,0.07,1.67,,ABSOLUTE_RETURN,8,0.1,12,3,"clamp(0.80 + (보수 차감 전 자펀드 최근 1년 수익률 - 8.00) * 0.10, 0.00, 1.60)",DOC000016,34|35|36|37,"[p.34-37] 종류 C-s; 최근 1년 보수 차감 전 자펀드 수익률 기준; 기준수익률 연 8%; 성과반영률 0.1; 매 3개월 산정; 최종 운용보수 0~1.60%; 정정신고 효력발생일부터 적용; 총보수 범위 0.07~1.67%; 1,000만원 비용 예시는 연 8% 및 성과운용보수 미적용 가정"
FEESCHED000043,CLASS000229,FUND000016,C-w,INITIAL_FIXED_RATE,최초설정일,최초 성과연동 운용보수율을 반영한 정정신고 효력발생일 전일,FIXED,0.8,0.8,0.8,0.8,0,0.04,0.02,0.86,0.86,0.86,0.86,,,,,,,DOC000016,34|36|37,"[p.34,36-37] 종류 C-w; 최초 설정 후 성과평가 및 정정신고 효력발생 전까지 기본운용보수 0.8%; 총보수 0.86%"
FEESCHED000044,CLASS000229,FUND000016,C-w,PERFORMANCE_LINKED_RATE,최초 성과연동 운용보수율을 반영한 정정신고 효력발생일,다음 성과연동 운용보수율을 반영한 정정신고 효력발생일 전일(매 3개월 재산정),FORMULA,,0.8,0,1.6,0,0.04,0.02,,0.06,1.66,,ABSOLUTE_RETURN,8,0.1,12,3,"clamp(0.80 + (보수 차감 전 자펀드 최근 1년 수익률 - 8.00) * 0.10, 0.00, 1.60)",DOC000016,34|35|36|37,"[p.34-37] 종류 C-w; 최근 1년 보수 차감 전 자펀드 수익률 기준; 기준수익률 연 8%; 성과반영률 0.1; 매 3개월 산정; 최종 운용보수 0~1.60%; 정정신고 효력발생일부터 적용; 총보수 범위 0.06~1.66%; 1,000만원 비용 예시는 연 8% 및 성과운용보수 미적용 가정"
FEESCHED000045,CLASS000230,FUND000016,C-P,INITIAL_FIXED_RATE,최초설정일,최초 성과연동 운용보수율을 반영한 정정신고 효력발생일 전일,FIXED,0.8,0.8,0.8,0.8,0.8,0.04,0.02,1.66,1.66,1.66,1.66,,,,,,,DOC000016,34|36|37,"[p.34,36-37] 종류 C-P; 최초 설정 후 성과평가 및 정정신고 효력발생 전까지 기본운용보수 0.8%; 총보수 1.66%"
FEESCHED000046,CLASS000230,FUND000016,C-P,PERFORMANCE_LINKED_RATE,최초 성과연동 운용보수율을 반영한 정정신고 효력발생일,다음 성과연동 운용보수율을 반영한 정정신고 효력발생일 전일(매 3개월 재산정),FORMULA,,0.8,0,1.6,0.8,0.04,0.02,,0.86,2.46,,ABSOLUTE_RETURN,8,0.1,12,3,"clamp(0.80 + (보수 차감 전 자펀드 최근 1년 수익률 - 8.00) * 0.10, 0.00, 1.60)",DOC000016,34|35|36|37,"[p.34-37] 종류 C-P; 최근 1년 보수 차감 전 자펀드 수익률 기준; 기준수익률 연 8%; 성과반영률 0.1; 매 3개월 산정; 최종 운용보수 0~1.60%; 정정신고 효력발생일부터 적용; 총보수 범위 0.86~2.46%; 1,000만원 비용 예시는 연 8% 및 성과운용보수 미적용 가정"
FEESCHED000047,CLASS000231,FUND000016,C-Pe,INITIAL_FIXED_RATE,최초설정일,최초 성과연동 운용보수율을 반영한 정정신고 효력발생일 전일,FIXED,0.8,0.8,0.8,0.8,0.4,0.04,0.02,1.26,1.26,1.26,1.26,,,,,,,DOC000016,34|36|37,"[p.34,36-37] 종류 C-Pe; 최초 설정 후 성과평가 및 정정신고 효력발생 전까지 기본운용보수 0.8%; 총보수 1.26%"
FEESCHED000048,CLASS000231,FUND000016,C-Pe,PERFORMANCE_LINKED_RATE,최초 성과연동 운용보수율을 반영한 정정신고 효력발생일,다음 성과연동 운용보수율을 반영한 정정신고 효력발생일 전일(매 3개월 재산정),FORMULA,,0.8,0,1.6,0.4,0.04,0.02,,0.46,2.06,,ABSOLUTE_RETURN,8,0.1,12,3,"clamp(0.80 + (보수 차감 전 자펀드 최근 1년 수익률 - 8.00) * 0.10, 0.00, 1.60)",DOC000016,34|35|36|37,"[p.34-37] 종류 C-Pe; 최근 1년 보수 차감 전 자펀드 수익률 기준; 기준수익률 연 8%; 성과반영률 0.1; 매 3개월 산정; 최종 운용보수 0~1.60%; 정정신고 효력발생일부터 적용; 총보수 범위 0.46~2.06%; 1,000만원 비용 예시는 연 8% 및 성과운용보수 미적용 가정"
FEESCHED000049,CLASS000232,FUND000016,S-P,INITIAL_FIXED_RATE,최초설정일,최초 성과연동 운용보수율을 반영한 정정신고 효력발생일 전일,FIXED,0.8,0.8,0.8,0.8,0.27,0.04,0.02,1.13,1.13,1.13,1.13,,,,,,,DOC000016,34|36|37,"[p.34,36-37] 종류 S-P; 최초 설정 후 성과평가 및 정정신고 효력발생 전까지 기본운용보수 0.8%; 총보수 1.13%"
FEESCHED000050,CLASS000232,FUND000016,S-P,PERFORMANCE_LINKED_RATE,최초 성과연동 운용보수율을 반영한 정정신고 효력발생일,다음 성과연동 운용보수율을 반영한 정정신고 효력발생일 전일(매 3개월 재산정),FORMULA,,0.8,0,1.6,0.27,0.04,0.02,,0.33,1.93,,ABSOLUTE_RETURN,8,0.1,12,3,"clamp(0.80 + (보수 차감 전 자펀드 최근 1년 수익률 - 8.00) * 0.10, 0.00, 1.60)",DOC000016,34|35|36|37,"[p.34-37] 종류 S-P; 최근 1년 보수 차감 전 자펀드 수익률 기준; 기준수익률 연 8%; 성과반영률 0.1; 매 3개월 산정; 최종 운용보수 0~1.60%; 정정신고 효력발생일부터 적용; 총보수 범위 0.33~1.93%; 1,000만원 비용 예시는 연 8% 및 성과운용보수 미적용 가정"
FEESCHED000051,CLASS000233,FUND000016,C-P2,INITIAL_FIXED_RATE,최초설정일,최초 성과연동 운용보수율을 반영한 정정신고 효력발생일 전일,FIXED,0.8,0.8,0.8,0.8,0.7,0.04,0.02,1.56,1.56,1.56,1.56,,,,,,,DOC000016,34|36|37,"[p.34,36-37] 종류 C-P2; 최초 설정 후 성과평가 및 정정신고 효력발생 전까지 기본운용보수 0.8%; 총보수 1.56%"
FEESCHED000052,CLASS000233,FUND000016,C-P2,PERFORMANCE_LINKED_RATE,최초 성과연동 운용보수율을 반영한 정정신고 효력발생일,다음 성과연동 운용보수율을 반영한 정정신고 효력발생일 전일(매 3개월 재산정),FORMULA,,0.8,0,1.6,0.7,0.04,0.02,,0.76,2.36,,ABSOLUTE_RETURN,8,0.1,12,3,"clamp(0.80 + (보수 차감 전 자펀드 최근 1년 수익률 - 8.00) * 0.10, 0.00, 1.60)",DOC000016,34|35|36|37,"[p.34-37] 종류 C-P2; 최근 1년 보수 차감 전 자펀드 수익률 기준; 기준수익률 연 8%; 성과반영률 0.1; 매 3개월 산정; 최종 운용보수 0~1.60%; 정정신고 효력발생일부터 적용; 총보수 범위 0.76~2.36%; 1,000만원 비용 예시는 연 8% 및 성과운용보수 미적용 가정"
FEESCHED000053,CLASS000234,FUND000016,C-P2e,INITIAL_FIXED_RATE,최초설정일,최초 성과연동 운용보수율을 반영한 정정신고 효력발생일 전일,FIXED,0.8,0.8,0.8,0.8,0.35,0.04,0.02,1.21,1.21,1.21,1.21,,,,,,,DOC000016,34|36|37,"[p.34,36-37] 종류 C-P2e; 최초 설정 후 성과평가 및 정정신고 효력발생 전까지 기본운용보수 0.8%; 총보수 1.21%"
FEESCHED000054,CLASS000234,FUND000016,C-P2e,PERFORMANCE_LINKED_RATE,최초 성과연동 운용보수율을 반영한 정정신고 효력발생일,다음 성과연동 운용보수율을 반영한 정정신고 효력발생일 전일(매 3개월 재산정),FORMULA,,0.8,0,1.6,0.35,0.04,0.02,,0.41,2.01,,ABSOLUTE_RETURN,8,0.1,12,3,"clamp(0.80 + (보수 차감 전 자펀드 최근 1년 수익률 - 8.00) * 0.10, 0.00, 1.60)",DOC000016,34|35|36|37,"[p.34-37] 종류 C-P2e; 최근 1년 보수 차감 전 자펀드 수익률 기준; 기준수익률 연 8%; 성과반영률 0.1; 매 3개월 산정; 최종 운용보수 0~1.60%; 정정신고 효력발생일부터 적용; 총보수 범위 0.41~2.01%; 1,000만원 비용 예시는 연 8% 및 성과운용보수 미적용 가정"
FEESCHED000055,CLASS000235,FUND000016,S-P2,INITIAL_FIXED_RATE,최초설정일,최초 성과연동 운용보수율을 반영한 정정신고 효력발생일 전일,FIXED,0.8,0.8,0.8,0.8,0.26,0.04,0.02,1.12,1.12,1.12,1.12,,,,,,,DOC000016,34|36|37,"[p.34,36-37] 종류 S-P2; 최초 설정 후 성과평가 및 정정신고 효력발생 전까지 기본운용보수 0.8%; 총보수 1.12%"
FEESCHED000056,CLASS000235,FUND000016,S-P2,PERFORMANCE_LINKED_RATE,최초 성과연동 운용보수율을 반영한 정정신고 효력발생일,다음 성과연동 운용보수율을 반영한 정정신고 효력발생일 전일(매 3개월 재산정),FORMULA,,0.8,0,1.6,0.26,0.04,0.02,,0.32,1.92,,ABSOLUTE_RETURN,8,0.1,12,3,"clamp(0.80 + (보수 차감 전 자펀드 최근 1년 수익률 - 8.00) * 0.10, 0.00, 1.60)",DOC000016,34|35|36|37,"[p.34-37] 종류 S-P2; 최근 1년 보수 차감 전 자펀드 수익률 기준; 기준수익률 연 8%; 성과반영률 0.1; 매 3개월 산정; 최종 운용보수 0~1.60%; 정정신고 효력발생일부터 적용; 총보수 범위 0.32~1.92%; 1,000만원 비용 예시는 연 8% 및 성과운용보수 미적용 가정"
