doc_id,company_name,file_name,file_path,document_type,document_date,effective_date,fund_id,total_pages,extraction_date
DOC000001,마이다스에셋자산운용,R2_KR5157420003.pdf,data/투자설명서/마이다스에셋자산운용/R2_KR5157420003.pdf,투자설명서,2025-07-29,2025-09-05,FUND000001,67,2026-08-31
DOC000002,마이다스에셋자산운용,R2_KR5157450017.pdf,data/투자설명서/마이다스에셋자산운용/R2_KR5157450017.pdf,투자설명서,2025-10-31,2025-11-13,FUND000002,67,2026-08-31
DOC000003,마이다스에셋자산운용,R2_KR5157450090.pdf,data/투자설명서/마이다스에셋자산운용/R2_KR5157450090.pdf,투자설명서,2025-10-01,2025-11-13,FUND000003,81,2026-08-31
DOC000004,DB자산운용,R2_KR5131420007.pdf,data/투자설명서/DB자산운용/R2_KR5131420007.pdf,투자설명서,2025-09-04,2025-09-11,FUND000004,53,2026-08-31
DOC000005,DB자산운용,R2_KR5131420025.pdf,data/투자설명서/DB자산운용/R2_KR5131420025.pdf,투자설명서,2026-01-06,2026-01-13,FUND000005,49,2026-08-31
DOC000006,KCGI자산운용,R2_KR5147430065.pdf,data/투자설명서/KCGI자산운용/R2_KR5147430065.pdf,투자설명서,2025-09-08,2025-09-26,FUND000006,57,2026-08-31
DOC000007,KCGI자산운용,R2_KR515302022M.pdf,data/투자설명서/KCGI자산운용/R2_KR515302022M.pdf,투자설명서,2025-09-01,2025-11-06,FUND000007,69,2026-08-31
DOC000008,베어링자산운용,R2_KR5156450026.pdf,data/투자설명서/베어링자산운용/R2_KR5156450026.pdf,투자설명서,2025-12-31,2026-01-13,FUND000008,60,2026-08-31
DOC000009,베어링자산운용,R2_KR555202013M.pdf,data/투자설명서/베어링자산운용/R2_KR555202013M.pdf,투자설명서,2025-08-29,2025-09-11,FUND000009,48,2026-08-31
DOC000010,흥국자산운용,R2_KR5139420015.pdf,data/투자설명서/흥국자산운용/R2_KR5139420015.pdf,투자설명서,2025-06-25,2025-07-30,FUND000010,60,2026-08-31
DOC000011,흥국자산운용,R2_KR5139420020.pdf,data/투자설명서/흥국자산운용/R2_KR5139420020.pdf,투자설명서,2025-09-29,2025-11-05,FUND000011,54,2026-08-31
DOC000012,유진자산운용,R2_KR5122420005.pdf,data/투자설명서/유진자산운용/R2_KR5122420005.pdf,투자설명서,2025-12-31,2026-01-13,FUND000012,70,2026-08-31
DOC000013,디에스자산운용,R2_KR5169950018.pdf,data/투자설명서/디에스자산운용/R2_KR5169950018.pdf,투자설명서,2025-07-11,2025-07-30,FUND000013,73,2026-08-31
DOC000014,트러스톤자산운용,R2_KR5172450019.pdf,data/투자설명서/트러스톤자산운용/R2_KR5172450019.pdf,투자설명서,2025-07-03,2025-07-10,FUND000014,52,2026-08-31
DOC000015,스팍스자산운용,R2_KR5194450018.pdf,data/투자설명서/스팍스자산운용/R2_KR5194450018.pdf,투자설명서,2025-01-16,2025-02-07,FUND000015,69,2026-08-31
DOC000016,VIP자산운용,R2_KR514X450008.pdf,data/투자설명서/VIP자산운용/R2_KR514X450008.pdf,투자설명서,2022-12-31,2023-03-31,FUND000016,59,2026-08-31
DOC000017,에셋플러스자산운용,R2_KR516702010M.pdf,data/투자설명서/에셋플러스자산운용/R2_KR516702010M.pdf,투자설명서,2025-05-20,2026-01-13,FUND000017,44,2026-08-31
DOC000018,브이아이자산운용,R2_KR5116501001.pdf,data/투자설명서/브이아이자산운용/R2_KR5116501001.pdf,투자설명서,2021-02-01,2021-02-18,FUND000018,60,2026-08-31
DOC000019,한국투자밸류자산운용,R2_KR5174420011.pdf,data/투자설명서/한국투자밸류자산운용/R2_KR5174420011.pdf,투자설명서,2025-01-15,2025-03-07,FUND000019,52,2026-08-31
DOC000020,코레이트자산운용,R2_KR5160420009.pdf,data/투자설명서/코레이트자산운용/R2_KR5160420009.pdf,투자설명서,2024-12-31,2025-02-12,FUND000020,56,2026-08-31
DOC000021,KB자산운용,R2_KR5127420034.pdf,data/투자설명서/KB자산운용/R2_KR5127420034.pdf,투자설명서,2024-12-31,2025-02-11,FUND000021,48,2026-08-31
DOC000022,KB자산운용,R2_KR5127420039.pdf,data/투자설명서/KB자산운용/R2_KR5127420039.pdf,투자설명서,2024-12-31,2025-02-11,FUND000021,48,2026-08-31
DOC000023,KB자산운용,R2_KR5127420045.pdf,data/투자설명서/KB자산운용/R2_KR5127420045.pdf,투자설명서,2025-08-20,2025-09-25,FUND000022,52,2026-08-31
DOC000024,KB자산운용,R2_KR5127420083.pdf,data/투자설명서/KB자산운용/R2_KR5127420083.pdf,투자설명서,2025-09-07,2025-10-30,FUND000023,48,2026-08-31
DOC000025,KB자산운용,R2_KR5127450117.pdf,data/투자설명서/KB자산운용/R2_KR5127450117.pdf,투자설명서,2025-11-04,2025-11-26,FUND000024,51,2026-08-31
DOC000026,KB자산운용,R2_KR5127450215.pdf,data/투자설명서/KB자산운용/R2_KR5127450215.pdf,투자설명서,2025-05-17,2025-06-27,FUND000025,52,2026-08-31
DOC000027,KB자산운용,R2_KR5127450217.pdf,data/투자설명서/KB자산운용/R2_KR5127450217.pdf,투자설명서,2025-05-17,2025-06-27,FUND000025,52,2026-08-31
DOC000028,KB자산운용,R2_KR5127450473.pdf,data/투자설명서/KB자산운용/R2_KR5127450473.pdf,투자설명서,2025-11-05,2025-11-26,FUND000026,53,2026-08-31
DOC000029,NH-Amundi자산운용,R2_KR5144420020.pdf,data/투자설명서/NH-Amundi자산운용/R2_KR5144420020.pdf,투자설명서,2025-09-01,2025-11-06,FUND000027,74,2026-08-31
DOC000030,NH-Amundi자산운용,R2_KR5144420081.pdf,data/투자설명서/NH-Amundi자산운용/R2_KR5144420081.pdf,투자설명서,2025-01-25,2025-06-18,FUND000028,76,2026-08-31
DOC000031,NH-Amundi자산운용,R2_KR5144420091.pdf,data/투자설명서/NH-Amundi자산운용/R2_KR5144420091.pdf,투자설명서,2025-09-14,2025-11-20,FUND000029,70,2026-08-31
DOC000032,NH-Amundi자산운용,R2_KR5144450095.pdf,data/투자설명서/NH-Amundi자산운용/R2_KR5144450095.pdf,투자설명서,2025-08-14,2025-10-21,FUND000030,72,2026-08-31
DOC000033,다올자산운용,R2_KR5152420028.pdf,data/투자설명서/다올자산운용/R2_KR5152420028.pdf,투자설명서,2025-01-17,2025-01-24,FUND000031,53,2026-08-31
DOC000034,신영자산운용,R2_KR5125450023.pdf,data/투자설명서/신영자산운용/R2_KR5125450023.pdf,투자설명서,2025-05-25,2025-11-06,FUND000032,61,2026-08-31
DOC000035,신영자산운용,R2_KR5125450070.pdf,data/투자설명서/신영자산운용/R2_KR5125450070.pdf,투자설명서,2025-05-24,2025-06-11,FUND000033,59,2026-08-31
DOC000036,하나자산운용,R2_KR5111420047.pdf,data/투자설명서/하나자산운용/R2_KR5111420047.pdf,투자설명서,2025-05-16,2025-10-24,FUND000034,68,2026-08-31
DOC000037,하나자산운용,R2_KR5111450067.pdf,data/투자설명서/하나자산운용/R2_KR5111450067.pdf,투자설명서,2025-06-05,2025-06-27,FUND000035,77,2026-08-31
DOC000038,한화자산운용,R2_KR5129420025.pdf,data/투자설명서/한화자산운용/R2_KR5129420025.pdf,투자설명서,2025-09-25,2025-10-15,FUND000036,80,2026-08-31
DOC000039,한화자산운용,R2_KR5129420031.pdf,data/투자설명서/한화자산운용/R2_KR5129420031.pdf,투자설명서,2025-11-06,2025-11-18,FUND000037,69,2026-08-31
DOC000040,신한자산운용,R2_KR5117420097.pdf,data/투자설명서/신한자산운용/R2_KR5117420097.pdf,투자설명서,2025-08-07,2025-08-14,FUND000038,55,2026-08-31
DOC000041,신한자산운용,R2_KR5119450058.pdf,data/투자설명서/신한자산운용/R2_KR5119450058.pdf,투자설명서,2025-02-14,2025-02-21,FUND000039,64,2026-08-31
DOC000042,신한자산운용,R2_KR5119501001.pdf,data/투자설명서/신한자산운용/R2_KR5119501001.pdf,투자설명서,2025-08-07,2025-08-14,FUND000040,50,2026-08-31
DOC000043,신한자산운용,R2_KR5119520012.pdf,data/투자설명서/신한자산운용/R2_KR5119520012.pdf,투자설명서,2025-02-20,2025-02-27,FUND000041,65,2026-08-31
DOC000044,교보악사자산운용,R2_KR5120420039.pdf,data/투자설명서/교보악사자산운용/R2_KR5120420039.pdf,투자설명서,2025-09-04,2025-11-07,FUND000042,80,2026-08-31
DOC000045,교보악사자산운용,R2_KR5120420091.pdf,data/투자설명서/교보악사자산운용/R2_KR5120420091.pdf,투자설명서,2025-12-20,2026-01-09,FUND000043,81,2026-08-31
DOC000046,교보악사자산운용,R2_KR5120450015.pdf,data/투자설명서/교보악사자산운용/R2_KR5120450015.pdf,투자설명서,2024-12-18,2025-01-24,FUND000044,89,2026-08-31
DOC000047,교보악사자산운용,R2_KR5120451001.pdf,data/투자설명서/교보악사자산운용/R2_KR5120451001.pdf,투자설명서,2025-06-03,2025-07-11,FUND000045,75,2026-08-31
DOC000048,삼성자산운용,R2_KR5114420016.pdf,data/투자설명서/삼성자산운용/R2_KR5114420016.pdf,투자설명서,2025-05-19,2025-05-30,FUND000046,100,2026-08-31
DOC000049,삼성자산운용,R2_KR5114420022.pdf,data/투자설명서/삼성자산운용/R2_KR5114420022.pdf,투자설명서,2025-02-20,2025-03-07,FUND000047,73,2026-08-31
DOC000050,삼성자산운용,R2_KR5114420027.pdf,data/투자설명서/삼성자산운용/R2_KR5114420027.pdf,투자설명서,2025-07-07,2025-07-18,FUND000048,90,2026-08-31
DOC000051,삼성자산운용,R2_KR5114420046.pdf,data/투자설명서/삼성자산운용/R2_KR5114420046.pdf,투자설명서,2026-01-02,2026-01-13,FUND000049,64,2026-08-31
DOC000052,삼성자산운용,R2_KR5114450222.pdf,data/투자설명서/삼성자산운용/R2_KR5114450222.pdf,투자설명서,2025-01-10,2025-01-24,FUND000050,77,2026-08-31
DOC000053,삼성자산운용,R2_KR5114450270.pdf,data/투자설명서/삼성자산운용/R2_KR5114450270.pdf,투자설명서,2026-01-02,2026-01-13,FUND000051,64,2026-08-31
DOC000054,미래에셋자산운용,R2_KR510902511M.pdf,data/투자설명서/미래에셋자산운용/R2_KR510902511M.pdf,투자설명서,2025-01-17,2025-01-24,FUND000052,62,2026-08-31
DOC000055,미래에셋자산운용,R2_KR510902773M.pdf,data/투자설명서/미래에셋자산운용/R2_KR510902773M.pdf,투자설명서,2025-11-07,2025-11-14,FUND000053,60,2026-08-31
DOC000056,미래에셋자산운용,R2_KR510902777M.pdf,data/투자설명서/미래에셋자산운용/R2_KR510902777M.pdf,투자설명서,2025-11-07,2025-11-14,FUND000054,64,2026-08-31
DOC000057,미래에셋자산운용,R2_KR5110501016.pdf,data/투자설명서/미래에셋자산운용/R2_KR5110501016.pdf,투자설명서,2025-12-23,2025-12-30,FUND000055,62,2026-08-31
DOC000058,미래에셋자산운용,R2_KR5110601022.pdf,data/투자설명서/미래에셋자산운용/R2_KR5110601022.pdf,투자설명서,2025-07-04,2025-07-11,FUND000056,65,2026-08-31
DOC000059,미래에셋자산운용,R2_KR5153420022.pdf,data/투자설명서/미래에셋자산운용/R2_KR5153420022.pdf,투자설명서,2021-03-10,2021-03-17,FUND000057,60,2026-08-31
DOC000060,미래에셋자산운용,R2_KR5153420063.pdf,data/투자설명서/미래에셋자산운용/R2_KR5153420063.pdf,투자설명서,2025-02-07,2025-02-14,FUND000058,57,2026-08-31
DOC000061,미래에셋자산운용,R2_KR5153420079.pdf,data/투자설명서/미래에셋자산운용/R2_KR5153420079.pdf,투자설명서,2025-08-22,2025-08-29,FUND000059,61,2026-08-31
DOC000062,미래에셋자산운용,R2_KR5153420105.pdf,data/투자설명서/미래에셋자산운용/R2_KR5153420105.pdf,투자설명서,2025-12-23,2025-12-30,FUND000060,63,2026-08-31
DOC000063,미래에셋자산운용,R2_KR5153420318.pdf,data/투자설명서/미래에셋자산운용/R2_KR5153420318.pdf,투자설명서,2025-10-17,2025-10-24,FUND000061,67,2026-08-31
DOC000064,미래에셋자산운용,R2_KR5153420339.pdf,data/투자설명서/미래에셋자산운용/R2_KR5153420339.pdf,투자설명서,2024-12-24,2025-01-09,FUND000062,51,2026-08-31
DOC000065,미래에셋자산운용,R2_KR5153450009.pdf,data/투자설명서/미래에셋자산운용/R2_KR5153450009.pdf,투자설명서,2025-03-21,2025-03-28,FUND000063,49,2026-08-31
DOC000066,미래에셋자산운용,R2_KR5153450112.pdf,data/투자설명서/미래에셋자산운용/R2_KR5153450112.pdf,투자설명서,2025-05-09,2025-05-16,FUND000064,85,2026-08-31
DOC000067,미래에셋자산운용,R2_KR5153450209.pdf,data/투자설명서/미래에셋자산운용/R2_KR5153450209.pdf,투자설명서,2025-07-31,2025-08-07,FUND000065,49,2026-08-31
DOC000068,미래에셋자산운용,R2_KR5153450250.pdf,data/투자설명서/미래에셋자산운용/R2_KR5153450250.pdf,투자설명서,2025-09-05,2025-09-12,FUND000066,49,2026-08-31
DOC000069,미래에셋자산운용,R2_KR5153450268.pdf,data/투자설명서/미래에셋자산운용/R2_KR5153450268.pdf,투자설명서,2025-12-17,2025-12-23,FUND000067,65,2026-08-31
DOC000070,미래에셋자산운용,R2_KR5153450431.pdf,data/투자설명서/미래에셋자산운용/R2_KR5153450431.pdf,투자설명서,2025-07-31,2025-08-07,FUND000068,61,2026-08-31
DOC000071,미래에셋자산운용,R2_KR5153450658.pdf,data/투자설명서/미래에셋자산운용/R2_KR5153450658.pdf,투자설명서,2025-11-21,2025-11-28,FUND000069,66,2026-08-31
DOC000072,미래에셋자산운용,R2_KR5153450772.pdf,data/투자설명서/미래에셋자산운용/R2_KR5153450772.pdf,투자설명서,2025-05-09,2025-05-16,FUND000070,65,2026-08-31
DOC000073,미래에셋자산운용,R2_KR5153450785.pdf,data/투자설명서/미래에셋자산운용/R2_KR5153450785.pdf,투자설명서,2026-01-06,2026-01-13,FUND000071,64,2026-08-31
DOC000074,미래에셋자산운용,R2_KR5153450791.pdf,data/투자설명서/미래에셋자산운용/R2_KR5153450791.pdf,투자설명서,2025-02-21,2025-02-28,FUND000072,49,2026-08-31
DOC000075,미래에셋자산운용,R2_KR5153451009.pdf,data/투자설명서/미래에셋자산운용/R2_KR5153451009.pdf,투자설명서,2025-12-23,2025-12-30,FUND000073,62,2026-08-31
DOC000076,미래에셋자산운용,R2_KR5153520012.pdf,data/투자설명서/미래에셋자산운용/R2_KR5153520012.pdf,투자설명서,2025-12-23,2025-12-30,FUND000074,53,2026-08-31
DOC000077,미래에셋자산운용,R2_KR518101002M.pdf,data/투자설명서/미래에셋자산운용/R2_KR518101002M.pdf,투자설명서,2025-09-19,2025-09-26,FUND000075,54,2026-08-31
DOC000078,우리자산운용,R2_KR5118201004.pdf,data/투자설명서/우리자산운용/R2_KR5118201004.pdf,투자설명서,2025-10-31,2025-11-28,FUND000076,72,2026-08-31
DOC000079,우리자산운용,R2_KR5118420006.pdf,data/투자설명서/우리자산운용/R2_KR5118420006.pdf,투자설명서,2025-10-31,2025-11-28,FUND000077,65,2026-08-31
DOC000080,우리자산운용,R2_KR5118420036.pdf,data/투자설명서/우리자산운용/R2_KR5118420036.pdf,투자설명서,2025-01-31,2025-02-28,FUND000078,74,2026-08-31
DOC000081,우리자산운용,R2_KR5118420062.pdf,data/투자설명서/우리자산운용/R2_KR5118420062.pdf,투자설명서,2025-10-31,2025-11-28,FUND000079,63,2026-08-31
DOC000082,키움투자자산운용,R2_KR5123365001.pdf,data/투자설명서/키움투자자산운용/R2_KR5123365001.pdf,투자설명서,2025-03-25,2025-04-11,FUND000080,44,2026-08-31
DOC000083,키움투자자산운용,R2_KR5123420015.pdf,data/투자설명서/키움투자자산운용/R2_KR5123420015.pdf,투자설명서,2025-03-25,2025-04-11,FUND000081,55,2026-08-31
DOC000084,키움투자자산운용,R2_KR5123420039.pdf,data/투자설명서/키움투자자산운용/R2_KR5123420039.pdf,투자설명서,2025-01-19,2025-02-13,FUND000082,55,2026-08-31
DOC000085,키움투자자산운용,R2_KR5123420049.pdf,data/투자설명서/키움투자자산운용/R2_KR5123420049.pdf,투자설명서,2025-01-19,2025-02-13,FUND000083,55,2026-08-31
DOC000086,키움투자자산운용,R2_KR5123490013.pdf,data/투자설명서/키움투자자산운용/R2_KR5123490013.pdf,투자설명서,2025-05-12,2025-05-30,FUND000084,65,2026-08-31
DOC000087,키움투자자산운용,R2_KR5185450009.pdf,data/투자설명서/키움투자자산운용/R2_KR5185450009.pdf,투자설명서,2025-06-30,2025-07-15,FUND000085,59,2026-08-31
DOC000088,한국투자신탁운용,R2_KR5113420012.pdf,data/투자설명서/한국투자신탁운용/R2_KR5113420012.pdf,투자설명서,2025-02-28,2025-03-28,FUND000086,75,2026-08-31
DOC000089,한국투자신탁운용,R2_KR5113420013.pdf,data/투자설명서/한국투자신탁운용/R2_KR5113420013.pdf,투자설명서,2025-02-28,2025-03-28,FUND000087,81,2026-08-31
DOC000090,한국투자신탁운용,R2_KR5113420069.pdf,data/투자설명서/한국투자신탁운용/R2_KR5113420069.pdf,투자설명서,2025-11-28,2026-01-06,FUND000088,88,2026-08-31
DOC000091,한국투자신탁운용,R2_KR5113450111.pdf,data/투자설명서/한국투자신탁운용/R2_KR5113450111.pdf,투자설명서,2025-02-28,2025-08-28,FUND000089,75,2026-08-31
DOC000092,한국투자신탁운용,R2_KR5113450401.pdf,data/투자설명서/한국투자신탁운용/R2_KR5113450401.pdf,투자설명서,2025-08-29,2025-09-30,FUND000090,86,2026-08-31
DOC000093,한국투자신탁운용,R2_KR5113470030.pdf,data/투자설명서/한국투자신탁운용/R2_KR5113470030.pdf,투자설명서,2025-10-31,2025-12-04,FUND000091,80,2026-08-31
DOC000094,한국투자신탁운용,R2_KR518101012M.pdf,data/투자설명서/한국투자신탁운용/R2_KR518101012M.pdf,투자설명서,2025-02-28,2025-03-28,FUND000092,71,2026-08-31
