fund_id,company_name,fund_name_raw,fund_name_normalized,fund_code,management_company,asset_type_l1,asset_type_l2,investment_region,investment_target,risk_grade,risk_grade_text,benchmark,volatility,inception_date,inception_status,inception_scheduled_date,currency_hedge,fund_structure,tdf_vintage,bond_duration_bucket,source_doc_id,source_page,source_text
FUND000001,마이다스에셋자산운용,마이다스 우량채권 증권 자투자신탁 제1호(채권),마이다스우량채권,CK138,마이다스에셋자산운용주식회사,채권형,국내중기채,국내,국내 우량채권,5,5등급(낮은 위험),KIS 중단기지수(1-2Y)*55% + KIS 중기지수(2-3Y)*40% + Call 지수*5%,,2019-07-30,ESTABLISHED,,,투자신탁|증권(채권형)|개방형|추가형|종류형|모자형 자투자신탁,,중기,DOC000001,1|8|18|19|46,[p.1] 집합투자기구 명칭: 마이다스 우량채권 증권 자투자신탁 제1호(채권); 투자위험등급: 5등급(낮은 위험) | [p.8] 펀드코드 CK138; 운용자산별 종류: 증권(채권형); 종류형·모자형 자투자신탁 | [p.18-19] 비교지수: KIS 중단기지수(1-2Y)*55% + KIS 중기지수(2-3Y)*40% + Call 지수*5%; 국내 우량채권 투자; 통상 기준 듀레이션 1.7년±0.5년 | [p.46] 운용 최초설정일 2019-07-30
FUND000002,마이다스에셋자산운용,마이다스 책임투자 증권 투자신탁(주식),마이다스책임투자,93983,마이다스에셋자산운용주식회사,주식형,국내주식,국내,국내 주식(ESG 책임투자),2,2등급(높은 위험),KOSPI*100%,,2009-04-20,ESTABLISHED,,,투자신탁|증권(주식형)|개방형|추가형|종류형,,,DOC000002,1|4|8|17|46,[p.1] 집합투자기구 명칭: 마이다스 책임투자 증권 투자신탁(주식); 투자위험등급: 2등급(높은 위험) | [p.4] 비교지수: KOSPI*100%; 최초설정일 2009-04-20 | [p.8] 펀드코드 93983; 운용자산별 종류: 증권(주식형); 종류형 | [p.17] 국내 주식 60% 이상; ESG 비재무적 요소를 반영한 책임투자 Universe
FUND000003,마이다스에셋자산운용,마이다스 거북이90 증권 자투자신탁 1호(주식),마이다스거북이90,AL420,마이다스에셋자산운용주식회사,주식형,국내주식,국내,국내 주식형 및 채권형 모투자신탁,4,4등급(보통 위험),KOSPI*9% + 매경BP종합채권지수 국고채1-2Y*81% + [KIS중단기지수(1-2Y)*55% + KIS중기지수(2-3Y)*40% + Call지수*5%]*10%,,2013-10-02,ESTABLISHED,,,투자신탁|증권(주식형)|개방형|추가형|종류형|모자형 자투자신탁,,,DOC000003,1|4|8|23|60,"[p.1] 집합투자기구 명칭: 마이다스 거북이90 증권 자투자신탁 1호(주식); 투자위험등급: 4등급(보통 위험) | [p.4] 비교지수: KOSPI*9% + 매경BP종합채권지수 국고채1-2Y*81% + 복합 채권지수*10% | [p.8] 펀드코드 AL420; 운용자산별 종류: 증권(주식형); 종류형·모자형 자투자신탁 | [p.23] 주식형 모투자신탁 80% 이상, 채권형 모투자신탁 20% 이하 | [p.60] 운용 최초설정일 2013-10-02"
FUND000004,DB자산운용,DB 정통크레딧증권자투자신탁 [채권],DB정통크레딧,BS760,DB자산운용주식회사,채권형,국내중기채,국내,국내 A-등급 이상 회사채·여전채 및 A2-등급 이상 기업어음,5,5등급(낮은 위험),KIS 중단기지수(1-2년)*100%,,2017-07-19,ESTABLISHED,,,투자신탁|증권(채권형)|개방형|추가형|종류형|모자형 자투자신탁,,중기,DOC000004,1|3|8|15|19|21|36,[p.1] DB 정통크레딧증권자투자신탁 [채권]; 작성기준일 2025-09-04; 효력발생일 2025-09-11; 5등급(낮은 위험) | [p.3] 펀드코드 BS760 | KIS 중단기지수(1-2년)*100%; 국내 A-등급 이상 회사채·여전채 및 A2-등급 이상 기업어음 | [성과표] 최초설정일 2017-07-19
FUND000005,DB자산운용,DB 다같이장기채권증권투자신탁 [채권],DB다같이장기채권,BE508,DB자산운용주식회사,채권형,국내장기채,국내,국내 국공채 및 우량 채권,5,5등급(낮은 위험),KIS 채권종합지수(6-7년)*100%,,2016-06-29,ESTABLISHED,,,투자신탁|증권(채권형)|개방형|추가형|종류형,,장기,DOC000005,1|3|8|17|19|33,[p.1] DB 다같이장기채권증권투자신탁 [채권]; 작성기준일 2026-01-06; 효력발생일 2026-01-13; 5등급(낮은 위험) | [p.3] 펀드코드 BE508 | KIS 채권종합지수(6-7년)*100%; 국내 국공채 및 우량 채권 | [성과표] 최초설정일 2016-06-29
FUND000006,KCGI자산운용,KCGI 코리아목표전환형증권투자신탁 4호 [채권혼합] (운용전환일 이후) KCGI 코리아목표전환형증권투자신탁 4호 [채권],KCGI코리아목표전환형4호,EO737,케이씨지아이자산운용㈜,혼합형,채권혼합·목표전환형,국내,국내 주식 및 채권; 목표기준가격 도달 후 채권형으로 전환,4,"4등급(보통 위험), 운용전환일 이후 5등급(낮은 위험)",,,,NOT_ESTABLISHED,,,"투자신탁|증권(혼합채권형, 전환 후 채권형)|개방형|단위형|종류형",,,DOC000006,1|5|10|19|27|42,"[p.1] KCGI 코리아목표전환형증권투자신탁 4호 [채권혼합] (운용전환일 이후) KCGI 코리아목표전환형증권투자신탁 4호 [채권]; 작성기준일 2025-09-08; 효력발생일 2025-09-26 | [요약] 펀드코드 EO737; 4등급(보통 위험), 운용전환일 이후 5등급(낮은 위험) | 국내 주식 및 채권; 목표기준가격 도달 후 채권형으로 전환 | [p.42] 신규설정으로 재무정보·설정환매·운용실적·자산구성 해당사항 없음; 변경시행일 및 최초설정일 공란"
FUND000007,KCGI자산운용,KCGI 코리아증권투자신탁 1호 [주식],KCGI코리아증권1호,AJ437,케이씨지아이자산운용㈜,주식형,국내주식,국내,국내 주식 60% 이상,2,2등급(높은 위험),KOSPI*100%,,2013-07-08,ESTABLISHED,,,투자신탁|증권(주식형)|개방형|추가형|종류형,,,DOC000007,1|5|9|20|24|50|53,[p.1] KCGI 코리아증권투자신탁 1호 [주식]; 작성기준일 2025-09-01; 효력발생일 2025-11-06 | [요약] 펀드코드 AJ437; 2등급(높은 위험) | 국내 주식 60% 이상
FUND000008,베어링자산운용,베어링 고배당 증권자투자신탁 (주식),베어링고배당증권자,AX563,베어링자산운용㈜,주식형,국내주식,국내,국내 고배당주 및 배당 매력이 높은 주식,3,3등급(다소높은위험),KOSPI*100%,,2016-08-29,ESTABLISHED,,,투자신탁|증권(주식형)|개방형|추가형|종류형|모자형 자투자신탁,,,DOC000008,1|4|8|15|19|23|42|45,[p.1] 베어링 고배당 증권자투자신탁 (주식); 작성기준일 2025-12-31; 효력발생일 2026-01-13; 3등급(다소높은위험) | [목록] 펀드코드 AX563 | [전략] 국내 고배당주 및 배당 매력이 높은 주식; 비교지수 KOSPI*100% | [성과] 최초설정일 2016-08-29
FUND000009,베어링자산운용,베어링 고배당 증권 투자회사 (주식),베어링고배당증권투자회사,34158,베어링자산운용㈜,주식형,국내주식,국내,국내 고배당주 및 공모주,2,2등급(높은 위험),KOSPI*100%,,2002-04-02,ESTABLISHED,,,투자회사|증권(주식형)|개방형|추가형|종류형,,,DOC000009,1|4|8|15|18|33|35,[p.1] 베어링 고배당 증권 투자회사 (주식); 작성기준일 2025-08-29; 효력발생일 2025-09-11; 2등급(높은 위험) | [목록] 펀드코드 34158 | [전략] 국내 고배당주 및 공모주; 비교지수 KOSPI*100% | [성과] 최초설정일 2002-04-02
FUND000010,흥국자산운용,흥국멀티크레딧증권자투자신탁 [채권],흥국멀티크레딧증권자투자신탁,85028,흥국자산운용 주식회사,채권형,국내채권,국내,국내 채권 및 기업어음에 투자하는 모투자신탁,5,5등급(낮은 위험),KIS 중단기지수 1-2Y*100%,,2008-06-26,ESTABLISHED,,,투자신탁|증권(채권형)|개방형|추가형|종류형|모자형 자투자신탁,,1-2년,DOC000010,1|2|9|20|23|42|45,[p.1] 흥국멀티크레딧증권자투자신탁 [채권]; 작성기준일 2025-06-25; 효력발생일 2025-07-30; 5등급(낮은 위험) | [p.2] 펀드코드 85028 | [전략] 국내 채권 및 기업어음; 비교지수 KIS 중단기지수 1-2Y*100% | [성과] 최초설정일 2008-06-26
FUND000011,흥국자산운용,흥국퇴직연금멀티크레딧증권자투자신탁 [채권],흥국퇴직연금멀티크레딧증권자투자신탁,AP577,흥국자산운용 주식회사,채권형,국내채권,국내,국내 채권 및 기업어음에 투자하는 모투자신탁,5,5등급(낮은 위험),KIS 중단기지수 1-2Y*100%,,2014-03-09,ESTABLISHED,,,투자신탁|증권(채권형)|개방형|추가형|종류형|모자형 자투자신탁,,1-2년,DOC000011,1|2|9|20|23|36|38,[p.1] 흥국퇴직연금멀티크레딧증권자투자신탁 [채권]; 작성기준일 2025-09-29; 효력발생일 2025-11-05; 5등급(낮은 위험) | [p.2] 펀드코드 AP577 | [전략] 국내 채권 및 기업어음; 비교지수 KIS 중단기지수 1-2Y*100% | [성과] 최초설정일 2014-03-09
FUND000012,유진자산운용,유진챔피언단기채증권자투자신탁 (채권),유진챔피언단기채증권자투자신탁,AX753,유진자산운용㈜,채권형,단기채권,국내,단기사채 및 국내 어음(A2- 이상)에 투자하는 모투자신탁,6,6등급(매우 낮은 위험),MK 머니마켓지수*100%,,2014-12-04,ESTABLISHED,,,투자신탁|증권(채권형)|개방형|추가형|종류형|모자형 자투자신탁,,0.5년 내외,DOC000012,1|4|11|23|30|51|54,[p.1] 유진챔피언단기채증권자투자신탁(채권); 작성기준일 2025-12-31; 효력발생일 2026-01-13; 6등급(매우 낮은 위험) | [p.11] 펀드코드 AX753 | [p.23] 단기사채 및 국내 어음(A2- 이상); 비교지수 MK 머니마켓지수 100%; 평균 듀레이션 0.5년 내외 | [p.51] 최초설정일 2014-12-04
FUND000013,디에스자산운용,디에스 Maestro 증권자투자신탁 [주식],디에스Maestro증권자투자신탁,E4451,디에스자산운용㈜,주식형,국내주식,국내,구조적 매출 성장 산업 및 산업 내 경쟁력이 높은 국내 상장기업,2,2등급(높은 위험),KOSPI*90% + CALL금리*10%,,2023-07-12,ESTABLISHED,,,투자신탁|증권(주식형)|개방형|추가형|종류형|모자형 자투자신탁,,,DOC000013,1|10|20|21|25|50|54,[p.1] 디에스 Maestro 증권자투자신탁[주식]; 작성기준일 2025-07-11; 효력발생일 2025-07-30; 2등급(높은 위험) | [p.10] 펀드코드 E4451 | [p.20-21] 국내 상장주식; 구조적 매출 성장 산업 및 경쟁력 높은 기업; 비교지수 KOSPI 90% + CALL금리 10% | [p.50] 최초설정일 2023-07-12
FUND000014,트러스톤자산운용,트러스톤 칭기스칸 증권투자신탁 [주식],트러스톤칭기스칸증권투자신탁,84972,트러스톤자산운용㈜,주식형,국내주식,국내,국내 시장에 상장·등록된 주식,2,2등급(높은 위험),KOSPI*100%,,2008-06-26,ESTABLISHED,,,투자신탁|증권(주식형)|개방형|추가형|종류형,,,DOC000014,1|8|17|18|37|40,[p.1] 트러스톤칭기스칸증권투자신탁[주식]; 작성기준일 2025-07-03; 효력발생일 2025-07-10; 2등급(높은 위험) | [p.8] 펀드코드 84972 | [p.17-18] 국내 상장·등록 주식; 비교지수 KOSPI 100% | [p.37] 최초설정일 2008-06-26
FUND000015,스팍스자산운용,스팍스한국엄선투자증권자투자신탁 [주식],스팍스한국엄선투자증권자투자신탁,AY119,스팍스자산운용㈜,주식형,국내주식,국내,펀더멘털 바텀업 리서치에 기반한 국내 신가치주,2,2등급(높은 위험),KOSPI*100%,,2015-01-16,ESTABLISHED,,,투자신탁|증권(주식형)|개방형|추가형|종류형|모자형 자투자신탁,,,DOC000015,1|9|17|22|24|27|48|51,[p.1] 스팍스한국엄선투자증권자투자신탁[주식]; 작성기준일 2025-01-16; 효력발생일 2025-02-07; 2등급(높은 위험) | [p.9] 펀드코드 AY119 | [p.22-24] 국내 신가치주; 비교지수 KOSPI 100% | [p.27] 97.5% VaR 43.14% | [연혁] 최초설정일 2015-01-16
FUND000016,VIP자산운용,VIP한국형가치투자증권자투자신탁[주식],VIP한국형가치투자증권자투자신탁,E1728,㈜브이아이피자산운용,주식형,국내주식,국내,국내 가치주 및 안정적인 이익성장이 예상되는 종목에 투자하는 모투자신탁,2,2등급(높은 위험),,,,NOT_ESTABLISHED,2023-04-03,,투자신탁|증권(주식형)|개방형|추가형|종류형|모자형|성과연동운용보수형,,,DOC000016,1|5|6|11|13|21|22|24,[p.1] VIP한국형가치투자증권자투자신탁[주식]; 작성기준일 2022-12-31; 효력발생일 2023-03-31; 2등급(높은 위험) | [p.5] 국내 주식형 모투자신탁에 90% 이상 투자; 국내 가치주 및 안정적 이익성장 종목 | [p.11] 펀드코드 E1728; 성과연동운용보수형 | [p.13] 최초설정 예정일 2023-04-03 | [p.6] 신규펀드로 투자실적 해당사항 없음 | [p.11|13] 신규펀드이며 2023-04-03은 최초설정 예정일로 기재됨
FUND000017,에셋플러스자산운용,에셋플러스 코리아 리치투게더 연금 증권 자투자신탁 1호(주식),에셋플러스코리아리치투게더연금증권자투자신탁1호,AH938,에셋플러스자산운용주식회사,주식형,국내주식,국내,국내 일등기업 중심의 장기 가치투자 모투자신탁,2,2등급(높은 위험),KOSPI*95%+CALL*5%,,2013-05-21,ESTABLISHED,,,투자신탁|증권(주식형)|개방형|추가형|종류형|모자형|연금저축,,,DOC000017,1|3|4|8|15|16|30|32,[p.1] 작성기준일 2025-05-20; 효력발생일 2026-01-13; 2등급(높은 위험) | [p.3] 펀드코드 AH938; 국내 일등기업 중심 장기투자 | [p.16] 비교지수 KOSPI 95%+CALL 5% | [p.30] 설정일 이후 기간 2013-05-21~2025-05-20
FUND000018,브이아이자산운용,브이아이 퇴직연금 증권 자투자신탁 1호[채권],브이아이퇴직연금증권자투자신탁1호,63421,브이아이자산운용(주),채권형,국내채권,국내,국공채 및 우량채권 중심 채권형 모투자신탁,5,5등급(낮은 위험),H-K-R 채권지수*100%,,2006-12-26,ESTABLISHED,,,투자신탁|증권(채권형)|개방형|추가형|종류형|모자형|퇴직연금,,비교지수 듀레이션 ±0.5년,DOC000018,1|5|6|9|10|15|23|24|41|42,"[p.1,5] 작성기준일 2021-02-01; 효력발생일 2021-02-18; 5등급 | [p.9] 펀드코드 63421 | [p.10] 최초설정 2006-12-26 | [p.23] 비교지수 H-K-R 채권지수 100% | [p.24] 비교지수 듀레이션 ±0.5년"
FUND000019,한국투자밸류자산운용,한국밸류 10년투자 연금 증권전환형자투자신탁 1호(채권),한국밸류10년투자연금증권전환형자투자신탁1호,A3066,한국투자밸류자산운용주식회사,채권형,국내채권,국내,국공채 및 우량회사채 중심 국내채권 모투자신탁,5,5등급(낮은 위험),매경BP종합*90%+MMI Call*10%,,2011-07-19,ESTABLISHED,,,투자신탁|증권(채권형)|개방형|추가형|전환형|종류형|모자형|연금저축,,,DOC000019,1|4|10|11|15|19|35|37,[p.1] 작성기준일 2025-01-15; 효력발생일 2025-03-07; 5등급 | [p.10] 펀드코드 A3066 | [p.15] 국내채권 모투자신탁 90% 이상 | [p.19] 비교지수 매경BP종합 90%+MMI Call 10% | [p.35] 설정일 2011-07-19
FUND000020,코레이트자산운용,코레이트셀렉트단기채증권투자신탁[채권],코레이트셀렉트단기채증권투자신탁,BZ691,코레이트자산운용㈜,채권형,단기채권,국내,A2- 이상 전자단기사채·기업어음 및 A- 이상 회사채,6,6등급(매우 낮은 위험),KOFIA-KIS-한경 CP*60%+KOBI120*30%+CALL*10%,,2017-12-13,ESTABLISHED,,,투자신탁|증권(채권형)|개방형|추가형|종류형,,단기채권,DOC000020,1|7|8|11|18|19|40|43,[p.1] 작성기준일 2024-12-31; 효력발생일 2025-02-12; 6등급 | [p.7] 펀드코드 BZ691; 단기채권 전략 | [p.19] 비교지수 | [p.40] 최초설정 2017-12-13
FUND000021,KB자산운용,KB스타 중기 국공채 증권 자투자신탁(채권),KB스타중기국공채증권자투자신탁,41371,KB자산운용주식회사,채권형,국내채권,국내,국채·지방채·특수채 및 우량회사채 중심 국내채권 모투자신탁,5,5등급(낮은 위험),KIS 국채 3~5년 지수*100%,2.06,2003-12-31,ESTABLISHED,,,투자신탁|증권(채권형)|개방형|추가형|모자형|종류형,,3~5년,DOC000021,1|4|7|14|18|35|36,"[p.1] 작성기준일 2024-12-31; 효력발생일 2025-02-11; 5등급; 펀드코드 41371 | [p.4] 최초설정일 2003-12-31; 변동성 2.06% | [p.14,18] 국내 국공채 중심; 비교지수 KIS 국채 3~5년"
FUND000022,KB자산운용,KB 스타 단기 국공채 증권 자투자신탁(채권),KB스타단기국공채증권자투자신탁,B5517,KB자산운용주식회사,채권형,국내단기채권,국내,단기 국공채 및 우량채권 중심 국내채권 모투자신탁,6,6등급(매우 낮은 위험),KIS 국채 0~1.5년 지수*100%,0.26,2015-08-20,ESTABLISHED,,,투자신탁|증권(채권형)|개방형|추가형|모자형|종류형,,0~1.5년,DOC000023,1|5|9|37|38|39,[p.1] 작성기준일 2025-08-20; 효력발생일 2025-09-25; 6등급; 펀드코드 B5517 | [p.5] 최초설정일 2015-08-20; 변동성 0.26% | [p.38] 비교지수 KIS 국채 0~1.5년
FUND000023,KB자산운용,KB 장기국채 플러스 증권 자투자신탁(채권),KB장기국채플러스증권자투자신탁,BG607,KB자산운용주식회사,채권형,국내장기채권,국내,국채·지방채·특수채 및 우량회사채 중심 국내 장기채권 모투자신탁,4,4등급(보통 위험),KIS 장기국공채 지수(국공채 2년 이상의 종합지수)*100%,4.85,2016-09-07,ESTABLISHED,,,투자신탁|증권(채권형)|개방형|추가형|모자형|종류형,,2년 이상,DOC000024,1|5|8|24|25|35|36|37,[p.1] 작성기준일 2025-09-07; 효력발생일 2025-10-30; 4등급; 펀드코드 BG607 | [p.5] 최초설정일 2016-09-07; 변동성 4.85% | [p.35] 비교지수 KIS 장기국공채 지수
FUND000024,KB자산운용,KB 그로스 포커스 증권 자투자신탁(주식),KB그로스포커스증권자투자신탁,35432,KB자산운용주식회사,주식형,국내주식,국내,성장 가능성이 높고 저평가된 국내주식,2,2등급(높은 위험),KOSPI 지수*90%+콜(KRW)*10%,22.18,2010-01-05,ESTABLISHED,,,투자신탁|증권(주식형)|개방형|추가형|모자형|종류형,,,DOC000025,1|4|7|26|27|28|37|38|39,[p.1] 작성기준일 2025-11-04; 효력발생일 2025-11-26; 2등급; 펀드코드 35432 | [p.4] A 최초설정일 2010-01-05; 변동성 22.18% | [p.37] 비교지수 KOSPI 90%+콜 10%
FUND000025,KB자산운용,KB 스타 코스닥 150 인덱스 증권 자투자신탁(주식-파생형),KB스타코스닥150인덱스증권자투자신탁,BD844,KB자산운용주식회사,주식형,국내주식파생형,국내,코스닥150 지수 구성 주식 및 관련 파생상품,1,1등급(매우 높은 위험),코스닥150 지수*100%,21.98,2016-05-17,ESTABLISHED,,,투자신탁|증권(주식파생형)|개방형|추가형|모자형|종류형,,,DOC000026,1|5|9|28|29|38|39|40,[p.1] 작성기준일 2025-05-17; 효력발생일 2025-06-27; 1등급; 펀드코드 BD844 | [p.5] 최초설정일 2016-05-17; 변동성 21.98% | [p.38] 비교지수 코스닥150 지수
FUND000026,KB자산운용,KB 코리아 밸류업 액티브 증권 자투자신탁(주식),KB코리아밸류업액티브증권자투자신탁,EG176,KB자산운용주식회사,주식형,국내주식,국내,주주환원 및 기업가치 상승이 기대되는 국내주식,2,2등급(높은 위험),코리아 밸류업 지수*100%,24.28,2024-11-05,ESTABLISHED,,,투자신탁|증권(주식형)|개방형|추가형|모자형|종류형,,,DOC000028,1|5|9|28|29|38|39|40,[p.1] 작성기준일 2025-11-05; 효력발생일 2025-11-26; 2등급; 펀드코드 EG176 | [p.5] 최초설정일 2024-11-05; 변동성 24.28% | [p.38] 비교지수 코리아 밸류업 지수
FUND000027,NH-Amundi자산운용,NH-Amundi 국채 10년 인덱스 증권자투자신탁[채권],NH-Amundi국채10년인덱스증권자투자신탁,AT974,NH-Amundi자산운용주식회사,채권형,국내장기국채인덱스,국내,10년 국채선물 바스켓 지수를 추종하는 국내 장기 국채 모투자신탁,4,4등급(보통 위험),KIS 10년 국채선물바스켓지수*95%+Call Rate*5%,3.91,2014-09-01,ESTABLISHED,,,투자신탁|증권(채권형)|개방형|추가형|모자형|종류형|인덱스,,10년,DOC000029,1|2|6|20|53|54|56,"[p.1] 작성기준일 2025-09-01; 효력발생일 2025-11-06; 4등급 | [p.2] 펀드코드 AT974 | [p.6] 설정일 2014-09-01; 변동성 3.91% | [p.20,54] 비교지수 KIS 10년 국채선물바스켓 95%+Call 5%"
FUND000028,NH-Amundi자산운용,NH-Amundi USD 초단기채권 증권자투자신탁(UH)[채권],NH-AmundiUSD초단기채권증권자투자신탁UH,CJ517,NH-Amundi자산운용주식회사,채권형,해외초단기채권,해외,미국 달러화 표시 채권을 주된 투자대상으로 하는 모투자신탁,4,4등급(보통 위험),,7.77,2019-01-25,ESTABLISHED,,환헤지 미실시(UH),투자신탁|증권(채권형)|개방형|추가형|종류형|모자형,,초단기,DOC000030,1|2|5|6|54|55|57,"[p.1] 작성기준일 2025-01-25; 효력발생일 2025-06-18; 4등급 | [p.2] 펀드코드 CJ517 | [p.5] 미국 달러화 표시 채권 모투자신탁 80% 이상 | [p.6,54-55] 설정일 2019-01-25; 설정일 이후 변동성 7.77%; 비교지수 해당사항 없음"
FUND000029,NH-Amundi자산운용,NH-Amundi 하나로 단기채 증권투자신탁[채권],NH-Amundi하나로단기채증권투자신탁,C8459,NH-Amundi자산운용주식회사,채권형,국내단기채권,국내,"만기가 짧은 국내채권, 전자단기사채 및 CP",6,6등급(매우 낮은 위험),KIS 단기지수(3M-1Y)*90%+Call Rate*10%,0.32,2018-09-14,ESTABLISHED,,,투자신탁|증권(채권형)|개방형|추가형|종류형,,단기,DOC000031,1|2|5|6|49|50|52,"[p.1] 작성기준일 2025-09-14; 효력발생일 2025-11-20; 6등급 | [p.2] 펀드코드 C8459 | [p.5] 국내 단기채권·전자단기사채·CP 투자 | [p.6,49-50] 설정일 2018-09-14; 설정일 이후 변동성 0.32%; 비교지수 KIS 단기지수 90%+Call 10%"
FUND000030,NH-Amundi자산운용,NH-Amundi 필승 코리아 증권투자신탁[주식],NH-Amundi필승코리아증권투자신탁,C9946,NH-Amundi자산운용주식회사,주식형,국내주식,국내,기술혁신성과 지속 가능한 사업모델 및 글로벌 경쟁력을 갖춘 국내 기업 주식,2,2등급(높은 위험),KOSPI*100%,22.34,2019-08-14,ESTABLISHED,,,투자신탁|증권(주식형)|개방형|추가형|종류형,,,DOC000032,1|2|5|6|51|52|54,"[p.1] 작성기준일 2025-08-14; 효력발생일 2025-10-21; 2등급 | [p.2] 펀드코드 C9946 | [p.5] 국내 주식 60% 이상 투자 | [p.6,51-52] 설정일 2019-08-14; 설정일 이후 변동성 22.34%; 참조지수 KOSPI"
FUND000031,다올자산운용,다올전단채증권투자신탁[채권],다올전단채증권투자신탁,B9930,다올자산운용주식회사,채권형,국내초단기채권,국내,국내 단기채권·전자단기사채·기업어음,6,6등급(매우 낮은 위험),국고채 1년*60%+Call*40%,1.54,2016-01-13,ESTABLISHED,,,투자신탁|증권(채권형)|개방형|추가형|종류형,,초단기(듀레이션 0.4년 내외),DOC000033,1|5|6|10|19|37|39,"[p.1] 작성기준일 2025-01-17; 효력발생일 2025-01-24; 6등급 | [p.10] 펀드코드 B9930; 최초설정일 2016-01-13 | [p.5,19] 국내 단기채권·전단채·CP; 비교지수 국고채 1년 60%+Call 40% | [p.37] 설정일 이후 변동성 1.54%"
FUND000032,신영자산운용,신영밸류고배당증권자투자신탁(주식),신영밸류고배당증권자투자신탁,67646,신영자산운용주식회사,주식형,국내고배당주식,국내,고배당주 중심 국내 주식형 모투자신탁,2,2등급(높은 위험),KOSPI*90%+CD91일물*10%,15.4,2003-05-26,ESTABLISHED,,,투자신탁|증권(주식형)|개방형|추가형|종류형|모자형,,,DOC000034,1|3|4|9|11|42|43|44|46,"[p.1] 작성기준일 2025-05-25; 효력발생일 2025-11-06; 2등급 | [p.3,9] 펀드코드 67646; 국내 고배당주 모투자신탁 | [p.4] C 최초설정일 2003-05-26; 설정일 이후 변동성 15.40%; 비교지수 KOSPI 90%+CD91 10%"
FUND000033,신영자산운용,신영마라톤증권자투자신탁(주식),신영마라톤증권자투자신탁,52803,신영자산운용주식회사,주식형,국내가치주식,국내,저평가된 국내 가치주 중심 주식형 모투자신탁에 90% 이상 투자,2,2등급(높은 위험),KOSPI*90%+CD91일물*10%,17.24,2002-04-25,ESTABLISHED,,,투자신탁|증권(주식형)|개방형|추가형|종류형|모자형,,,DOC000035,1|3|4|9|11|40|41|42|44,"[p.1] 작성기준일 2025-05-24; 효력발생일 2025-06-11; 2등급 | [p.3] 요약 작성기준일 2025-04-24(표지와 상충) | [p.3,9] 펀드코드 52803; 국내 저평가 가치주 모투자신탁 90% 이상 | [p.4] C 최초설정일 2002-04-25; 설정일 이후 변동성 17.24%; 비교지수 KOSPI 90%+CD91 10%"
FUND000034,하나자산운용,하나파워e단기채증권자투자신탁[채권],하나파워e단기채증권자투자신탁,67747,하나자산운용 주식회사,채권형,국내단기채권,국내,국내 채권 60% 이상과 어음 등에 투자하여 안정적인 이자수익 추구,6,6등급(매우 낮은 위험),KIS채권평가 CD지수 100%,0.27,2007-04-17,ESTABLISHED,,,투자신탁|증권(채권형)|개방형|추가형|종류형|모자형,,단기,DOC000036,1|4|9|11|16|23|49|51,"[p.1] 작성기준일 2025-05-16; 효력발생일 2025-10-24; 6등급(매우 낮은 위험) | [p.4,11,16,23] 펀드코드 67747; 국내 채권 60% 이상과 어음 등에 투자하여 안정적인 이자수익 추구; 비교지수 KIS채권평가 CD지수 100% | [p.49] 설정일 이후 변동성 0.27%"
FUND000035,하나자산운용,하나IT코리아증권자투자신탁(제1호)[주식],하나IT코리아증권자투자신탁,68414,하나자산운용 주식회사,주식형,국내IT주식,국내,국내 IT 관련 기업 주식에 주로 투자하는 모투자신탁에 투자,2,2등급(높은 위험),KOSPI 100%,22.03,2007-05-03,ESTABLISHED,,,투자신탁|증권(주식형)|개방형|추가형|종류형|전환형|모자형,,,DOC000037,1|5|11|13|26|27|56|58,"[p.1] 작성기준일 2025-06-05; 효력발생일 2025-06-27; 2등급(높은 위험) | [p.5,13,26,27] 펀드코드 68414; 국내 IT 관련 기업 주식에 주로 투자하는 모투자신탁에 투자; 비교지수 KOSPI 100% | [p.56] 설정일 이후 변동성 22.03%"
FUND000036,한화자산운용,한화내일받는단기국공채증권 자투자신탁(채권),한화내일받는단기국공채증권자투자신탁,55138,한화자산운용주식회사,채권형,국내단기국공채,국내,국내 국공채 60% 이상 및 국내 채권 중심 투자,6,6등급(매우 낮은 위험),KAP Money Market Index 100%,0.73,2006-03-06,ESTABLISHED,,,투자신탁|증권(채권형)|개방형|추가형|종류형|모자형|전환형,,단기,DOC000038,1|6|12|14|19|62|63|65,"[p.1] 작성기준일 2025-09-25; 효력발생일 2025-10-15; 6등급(매우 낮은 위험) | [p.6,12,19,62-65] 펀드코드 55138; 국내 국공채 60% 이상 및 국내 채권 중심 투자; 비교지수 KAP Money Market Index 100%; 설정일 이후 변동성 0.73%"
FUND000037,한화자산운용,한화코리아밸류채권증권 자투자신탁(채권),한화코리아밸류채권증권자투자신탁,88883,한화자산운용주식회사,채권형,국내회사채,국내,A- 이상 국내채권과 A2- 이상 CP 중심 투자,5,5등급(낮은 위험),KIS-Reuters 회사채 A-이상 5년이하 60%+KIS-Reuters 종합 1~2년 35%+매경 BP Call 5%,1.03,2008-10-28,ESTABLISHED,,,투자신탁|증권(채권형)|개방형|추가형|종류형|모자형,,,DOC000039,1|11|13|23|25|51|53|56,"[p.1] 작성기준일 2025-11-06; 효력발생일 2025-11-18; 5등급(낮은 위험) | [p.11,23,51-56] 펀드코드 88883; A- 이상 국내채권과 A2- 이상 CP 중심 투자; 비교지수 KIS-Reuters 회사채 A-이상 5년이하 60%+KIS-Reuters 종합 1~2년 35%+매경 BP Call 5%; 설정일 이후 변동성 1.03%"
FUND000038,신한자산운용,신한초단기채증권투자신탁[채권],신한초단기채증권투자신탁,EB483,신한자산운용(주),채권형,국내초단기채,국내,만기가 짧은 채권 등에 주로 투자하고 목표 잔존만기를 90일~180일로 운용,5,5등급(낮은 위험),KAP CALL 100%,0.12,2024-05-24,ESTABLISHED,,,투자신탁|증권형(채권형)|개방형|추가형|종류형,,초단기,DOC000040,1|4|9|11|38,[p.1] 작성기준일 2025-08-07; 효력발생일 2025-08-14; 5등급(낮은 위험) | [p.5] 펀드코드 EB483; 만기가 짧은 채권 등에 주로 투자하고 목표 잔존만기를 90일~180일로 운용; 비교지수 KAP CALL 100% | [p.12] 최초 설정 2024-05-24 | [p.48-49] 설정일 이후 수익률 변동성 0.12%
FUND000039,신한자산운용,신한코리아롱숏증권자투자신탁[주식],신한코리아롱숏증권자투자신탁,AO420,신한자산운용(주),주식형,국내롱숏,국내,국내 주식 롱포지션과 주식차입매도·파생상품 등 숏포지션을 병행하며 일반적으로 순주식 노출 0~30% 운용,3,3등급(다소 높은 위험),,7.45,2014-02-05,ESTABLISHED,,,투자신탁|증권형(주식형)|개방형|추가형|종류형|모자형,,,DOC000041,1|5|11|12|48|49,[p.1] 작성기준일 2025-02-14; 효력발생일 2025-02-21; 3등급(다소 높은 위험) | [p.5] 펀드코드 AO420; 국내 주식 롱포지션과 주식차입매도·파생상품 등 숏포지션을 병행하며 일반적으로 순주식 노출 0~30% 운용; 비교지수 없음 | [p.12] 최초 설정 2014-02-05 | [p.48-49] 설정일 이후 수익률 변동성 7.45%
FUND000040,신한자산운용,신한퇴직연금국공채증권자투자신탁[채권],신한퇴직연금국공채증권자투자신탁,56941,신한자산운용(주),채권형,국내국공채,국내,국채·통안채·공사채·지방채 등 국공채 중심의 신한단기국공채증권모투자신탁에 주로 투자,5,5등급(낮은 위험),KBP국공채(1-1.5년) 95% + 콜금리 5%,0.98,2006-05-18,ESTABLISHED,,,투자신탁|증권형(채권형)|개방형|추가형|종류형|모자형,,단기,DOC000042,1|4|9|10|33,[p.1] 작성기준일 2025-08-07; 효력발생일 2025-08-14; 5등급(낮은 위험) | [p.5] 펀드코드 56941; 국채·통안채·공사채·지방채 등 국공채 중심의 신한단기국공채증권모투자신탁에 주로 투자; 비교지수 KBP국공채(1-1.5년) 95% + 콜금리 5% | [p.12] 최초 설정 2006-05-18 | [p.48-49] 설정일 이후 수익률 변동성 0.98%
FUND000041,신한자산운용,신한상대가치장기증권자투자신탁[채권],신한상대가치장기증권자투자신탁,54373,신한자산운용(주),채권형,국내중장기채,국내,상대가치종합채권 모펀드를 중심으로 ESG 중장기채권 모펀드를 일부 편입하여 국내 채권에 투자,5,5등급(낮은 위험),매경BP종합채권지수 95% + 콜금리 5%,2.6,2006-02-01,ESTABLISHED,,,투자신탁|증권형(채권형)|개방형|추가형|종류형|모자형,,장기,DOC000043,1|4|9|11|48|49,[p.1] 작성기준일 2025-02-20; 효력발생일 2025-02-27; 5등급(낮은 위험) | [p.5] 펀드코드 54373; 상대가치종합채권 모펀드를 중심으로 ESG 중장기채권 모펀드를 일부 편입하여 국내 채권에 투자; 비교지수 매경BP종합채권지수 95% + 콜금리 5% | [p.12] 최초 설정 2006-02-01 | [p.48-49] 설정일 이후 수익률 변동성 2.6%
FUND000042,교보악사자산운용,교보악사 Tomorrow 장기우량 증권투자신탁 K-1호(채권),교보악사Tomorrow장기우량증권투자신탁K-1호(채권),59920,교보악사자산운용㈜,채권형,국내장기우량채,국내,국내 채권 60% 이상 투자 및 신용스프레드 분석,5,5등급(낮은 위험),KOBI Market 90% + MMI_CALL 10%,2.66,2006-09-05,ESTABLISHED,,,투자신탁|증권(채권형)|개방형|추가형|종류형,,장기,DOC000044,1|5|15|57|59,"[p.1,5,15] 교보악사 Tomorrow 장기우량 증권투자신탁 K-1호(채권); 5등급(낮은 위험); 코드 59920; 최초설정 2006-09-05; 비교지수 KOBI Market 90% + MMI_CALL 10%"
FUND000043,교보악사자산운용,교보악사 내일환매 초단기우량채증권투자신탁[채권],교보악사내일환매초단기우량채증권투자신탁[채권],DZ371,교보악사자산운용㈜,채권형,국내초단기우량채,국내,AA 이상 채권과 A1 단기사채·CP 중심 투자,6,6등급(매우 낮은 위험),MK 머니마켓 지수 100%,0.22,2022-12-21,ESTABLISHED,,,투자신탁|증권(채권형)|개방형|추가형|종류형,,초단기,DOC000045,1|5|15|57|59,"[p.1,5,15] 교보악사 내일환매 초단기우량채증권투자신탁[채권]; 6등급(매우 낮은 위험); 코드 DZ371; 최초설정 2022-12-21; 비교지수 MK 머니마켓 지수 100%"
FUND000044,교보악사자산운용,교보악사 파워인덱스 증권 자투자신탁 1호(주식),교보악사파워인덱스증권자투자신탁1호(주식),89527,교보악사자산운용㈜,주식형,국내인덱스,국내,국내 주식형 모투자신탁에 60% 이상 투자하여 KOSPI200 지수 수익률 추구,2,2등급(높은 위험),KOSPI200 지수 100%,17.33,2008-12-19,ESTABLISHED,,,투자신탁|증권(주식형)|개방형|추가형|종류형|모자형,,,DOC000046,1|5|15|54|66,"[p.1,5,15] 교보악사 파워인덱스 증권 자투자신탁 1호(주식); 2등급; 코드 89527; 최초설정 2008-12-19; KOSPI200 추종"
FUND000045,교보악사자산운용,교보악사 파워인덱스증권자투자신탁 2호[주식],교보악사파워인덱스증권자투자신탁2호[주식],69889,교보악사자산운용㈜,주식형,국내인덱스,국내,국내 주식형 모투자신탁에 60% 이상 투자하여 KOSPI200 지수 수익률 추구,2,2등급(높은 위험),KOSPI200 지수 100%,21.31,2007-06-04,ESTABLISHED,,,투자신탁|증권(주식형)|개방형|추가형|종류형|모자형,,,DOC000047,1|5|15|54|66,"[p.1,5,15] 교보악사 파워인덱스증권자투자신탁 2호[주식]; 2등급; 코드 69889; 최초설정 2007-06-04; KOSPI200 추종"
FUND000046,삼성자산운용,삼성ABF코리아장기채권인덱스증권투자신탁[채권],삼성ABF코리아장기채권인덱스증권투자신탁[채권],48769,삼성자산운용주식회사,채권형,국내장기채권인덱스,국내,국공채·준국채 등에 신탁재산의 90% 이상 투자하여 iBoxx ABF Korea Index 추종,4,4등급(보통위험),iBoxx ABF Korea Index 100%,4.43,2005-04-26,ESTABLISHED,,,투자신탁|증권(채권형)|개방형|추가형|종류형,,장기,DOC000048,1|7|11|20|51|80,"[p.1,7,11,20] 삼성ABF코리아장기채권인덱스증권투자신탁[채권]; 코드 48769; 위험 4등급; iBoxx ABF Korea Index 추종"
FUND000047,삼성자산운용,삼성클래식연금증권전환형투자신탁 제1호[채권],삼성클래식연금증권전환형투자신탁제1호[채권],31490,삼성자산운용주식회사,채권형,국내채권,국내,국내채권에 주로 투자하여 이자소득과 자본소득 추구,5,5등급,KOBI30 100%,0.75,2001-02-07,ESTABLISHED,,,투자신탁|증권(채권형)|개방형|추가형|종류형,,,DOC000049,1|7|10|11,"[p.1,7] 삼성클래식연금증권전환형투자신탁 제1호[채권]; 코드 31490; 위험 5등급; 비교지수 KOBI30 100%"
FUND000048,삼성자산운용,삼성코리아중기채권증권자투자신탁 제1호[채권],삼성코리아중기채권증권자투자신탁제1호[채권],AF704,삼성자산운용주식회사,채권형,국내중기채권,국내,국내채권에 주로 투자하여 이자소득과 자본소득 추구,5,5등급,국내채권 지수,,2013-02-27,ESTABLISHED,,,투자신탁|증권(채권형)|개방형|추가형|종류형,,중기,DOC000050,1|7|10|11,"[p.1,7] 삼성코리아중기채권증권자투자신탁 제1호[채권]; 코드 AF704; 위험 5등급; 비교지수 국내채권 지수"
FUND000049,삼성자산운용,삼성퇴직연금인덱스12M증권자투자신탁 제1호[채권],삼성퇴직연금인덱스12M증권자투자신탁제1호[채권],53374,삼성자산운용주식회사,채권형,국내단기채권인덱스,국내,국내채권에 주로 투자하여 이자소득과 자본소득 추구,6,6등급,KOBI120(국공채) 100%,0.37,2005-12-30,ESTABLISHED,,,투자신탁|증권(채권형)|개방형|추가형|종류형,,단기,DOC000051,1|7|10|11,"[p.1,7] 삼성퇴직연금인덱스12M증권자투자신탁 제1호[채권]; 코드 53374; 위험 6등급; 비교지수 KOBI120(국공채) 100%"
FUND000050,삼성자산운용,삼성클래식연금증권전환형자투자신탁 제1호[주식],삼성클래식연금증권전환형자투자신탁제1호[주식],88836,삼성자산운용주식회사,주식형,국내액티브주식,국내,국내주식 모투자신탁에 주로 투자하여 자본소득 추구,2,2등급,KOSPI 95% + CD3개월 5%,15.5,2008-12-30,ESTABLISHED,,,투자신탁|증권(주식형)|개방형|추가형|종류형,,,DOC000052,1|7|10|11,"[p.1,7] 삼성클래식연금증권전환형자투자신탁 제1호[주식]; 코드 88836; 위험 2등급; 비교지수 KOSPI 95% + CD3개월 5%"
FUND000051,삼성자산운용,삼성퇴직연금KOSPI200증권자투자신탁 제1호[주식],삼성퇴직연금KOSPI200증권자투자신탁제1호[주식],53400,삼성자산운용주식회사,주식형,국내인덱스,국내,국내주식 모투자신탁에 주로 투자하여 자본소득 추구,2,2등급,KOSPI200 100%,20.22,2006-03-28,ESTABLISHED,,,투자신탁|증권(주식형)|개방형|추가형|종류형,,,DOC000053,1|7|10|11,"[p.1,7] 삼성퇴직연금KOSPI200증권자투자신탁 제1호[주식]; 코드 53400; 위험 2등급; 비교지수 KOSPI200 100%"
FUND000052,미래에셋자산운용,미래에셋장기성장포커스증권자투자신탁1호(주식),미래에셋장기성장포커스증권자투자신탁1호(주식),98291,미래에셋자산운용㈜,주식형,국내액티브주식,국내,미래에셋 장기성장 포커스 증권 모투자신탁(주식)에 90% 이상 투자,1,1등급(매우 높은 위험),KOSPI,52.95,2010-12-23,ESTABLISHED,,,투자신탁|증권(주식형)|개방형|추가형|모자형|종류형,,,DOC000054,1|3|9|18|21|46|48,"[p.1,3,21] 미래에셋장기성장포커스증권자투자신탁1호(주식); 코드 98291; 위험 1등급; 97.5% VaR 52.95%"
FUND000053,미래에셋자산운용,미래에셋고배당포커스연금저축증권전환형자투자신탁1호(주식),미래에셋고배당포커스연금저축증권전환형자투자신탁1호(주식),AK623,미래에셋자산운용㈜,주식형,주식,국내,투자목적 이 투자신탁은 소득세법 및 조세특례제한법등 관련법령에 의하여 수익자의 노후생활을 대비하기 위한 자금마련을 목적으 로 하는 연금저축투자신탁으로서 국내 주식에 주로 투자하는 모투자신탁을 법 시행령 제94조제2항제4호에서 규정하는 주된 투자대상자산으로 하여 수익을 추구하는 것을 목적으로 합니다.,3,3등급,KOSPI,,2013-08-19,ESTABLISHED,,,투자신탁|증권(주식형)|개방형|추가형|종류형,,,DOC000055,1|3|8|44|46|12|13,[p.1] 미래에셋고배당포커스연금저축증권전환형자투자신탁1호(주식); 코드 AK623; 위험 3등급 | [p.12|13] 운용전문인력 변경내역 시작일 및 최초 종류 C 설정일 2013-08-19
FUND000054,미래에셋자산운용,미래에셋코어밸류연금저축증권전환형자투자신탁1호(주식),미래에셋코어밸류연금저축증권전환형자투자신탁1호(주식),AL438,미래에셋자산운용㈜,주식형,주식,국내,투자목적 이 투자신탁은 소득세법 및 조세특례제한법등 관련법령에 의하여 수익자의 노후생활을 대비하기 위한 자금마련을 목적으 로 하는 연금저축투자신탁으로서 국내주식에 주로 투자하는 모투자신탁을 법 시행령 제94조제2항제4호에서 규정하는 주 된 투자대상자산으로 하여 수익을 추구하는 것을 목적으로 합니다.,2,2등급,KOSPI,,2013-09-30,ESTABLISHED,,,투자신탁|증권(주식형)|개방형|추가형|종류형,,,DOC000056,1|3|9|48|49|13|15,[p.1] 미래에셋코어밸류연금저축증권전환형자투자신탁1호(주식); 코드 AL438; 위험 2등급 | [p.13|15] 운용전문인력 변경내역 시작일 및 최초 종류 C 설정일 2013-09-30
FUND000055,미래에셋자산운용,미래에셋프리미엄크레딧알파증권자투자신탁(채권),미래에셋프리미엄크레딧알파증권자투자신탁(채권),61842,미래에셋자산운용㈜,채권형,채권,국내,투자목적 이 투자신탁은 채무증권에 주로 투자하는 모투자신탁을 법 시행령 제94조제2항제4호에서 규정하는 주된 투자대상자산으 로 하여 수익을 추구합니다.,6,6등급,KOBI120 X 100% KOBI120 : 인덱스펀드 운용을 목적으로 설계된 지수로서 잔존만기 3년 이하의 투자 가능 채권 120개 종목으로 구성,,2006-11-08,ESTABLISHED,,,투자신탁|증권(채권형)|개방형|추가형|종류형,,,DOC000057,1|3|9|45|47|11|16,[p.1] 미래에셋프리미엄크레딧알파증권자투자신탁(채권); 코드 61842; 위험 6등급 | [p.11|16] 집합투자기구 연혁의 투자신탁 최초설정일 및 최초 종류 Crp 설정일 2006-11-08
FUND000056,미래에셋자산운용,미래에셋차세대Fun인덱스증권자투자신탁[주식],미래에셋차세대Fun인덱스증권자투자신탁[주식],67266,미래에셋자산운용㈜,주식형,주식,국내,투자목적 이 투자신탁은 국내주식에 주로 투자하는 모투자신탁을 법 시행령 제94조제2항제4호에서 규정하는 주된 투자대상자산으 로 하여 비교지수 대비 안정적인 초과수익을 추구하는 것을 목적으로 합니다.,2,2등급,KOSPI200 × 100%,,2007-04-05,ESTABLISHED,,,투자신탁|증권(주식형)|개방형|추가형|종류형,,,DOC000058,1|3|9|49|51|11|15,[p.1] 미래에셋차세대Fun인덱스증권자투자신탁[주식]; 코드 67266; 위험 2등급 | [p.11|15] 집합투자기구 연혁의 최초설정일 및 최초 클래스 설정일 2007-04-05
FUND000057,미래에셋자산운용,미래에셋라이프사이클7090연금증권전환형자투자신탁1호(채권),미래에셋라이프사이클7090연금증권전환형자투자신탁1호(채권),51998,미래에셋자산운용㈜,채권형,채권,국내,및 투자전략 1. 투자목적 이 투자신탁은 소득세법 및 조세특례제한법등 관련법령에 의하여 수익자의 노후생활을 대비하기 위한 자금마련을 목적으 로 하는 연금저축투자신탁으로서 국내외 채권에 투자하는 모투자신탁을 법 시행령 제94조제2항제4호에서 규정하는 주된 투자대상자산으로 하여 투자대상자산의 가격 상승 및 이자 수익 등에 따른 투자 수익을 추구합니다.,5,5등급,KIS종합채권지수,,2005-10-28,ESTABLISHED,,,투자신탁|증권(채권형)|개방형|추가형|종류형,,,DOC000059,1|3|9|44|45|10|14,[p.1] 미래에셋라이프사이클7090연금증권전환형자투자신탁1호(채권); 코드 51998; 위험 5등급 | [p.10|14] 집합투자기구 연혁의 최초설정일 및 최초 클래스 설정일 2005-10-28
FUND000058,미래에셋자산운용,미래에셋솔로몬단기국공채증권자투자신탁1호(채권),미래에셋솔로몬단기국공채증권자투자신탁1호(채권),41091,미래에셋자산운용㈜,채권형,채권,국내,투자목적 이 투자신탁은 국내 국공채에 주로 투자하는 모투자신탁을 법 시행령 제94조제2항제4호에서 규정하는 주된 투자대상자 산으로 하여 이자 수익 등에 따른 투자 수익을 추구합니다.,5,5등급,Customized KIS국공채지수(3M~ 3Y),,2003-12-30,ESTABLISHED,,,투자신탁|증권(채권형)|개방형|추가형|종류형,,,DOC000060,1|3|8|40|42|10|12,[p.1] 미래에셋솔로몬단기국공채증권자투자신탁1호(채권); 코드 41091; 위험 5등급 | [p.10|12] 집합투자기구 연혁의 최초설정일 및 최초 클래스 설정일 2003-12-30
FUND000059,미래에셋자산운용,미래에셋솔로몬중장기국공채증권자투자신탁1호(채권),미래에셋솔로몬중장기국공채증권자투자신탁1호(채권),94377,미래에셋자산운용㈜,채권형,채권,국내,투자목적 이 투자신탁은 국내 채권에 투자하는 모투자신탁을 법 시행령 제94조제2항제4호에서 규정하는 주된 투자대상자산으로 하여 수익을 추구하는 것을 목표로 합니다.,5,5등급,Customized KIS국공채시장지수 (20년 이상 제외),,2009-05-11,ESTABLISHED,,,투자신탁|증권(채권형)|개방형|추가형|종류형,,,DOC000061,1|3|9|43|45|11|14,[p.1] 미래에셋솔로몬중장기국공채증권자투자신탁1호(채권); 코드 94377; 위험 5등급 | [p.11|14] 집합투자기구 연혁의 최초설정일 및 최초 클래스 설정일 2009-05-11
FUND000060,미래에셋자산운용,미래에셋솔로몬장기국공채증권자투자신탁1호(채권),미래에셋솔로몬장기국공채증권자투자신탁1호(채권),88824,미래에셋자산운용㈜,채권형,채권,국내,투자목적 이 투자신탁은 국내 국공채에 주로 투자하는 모투자신탁을 법 시행령 제94조제2항제4호에서 규정하는 주된 투자대상자 산으로 하여 수익을 추구합니다.,5,5등급,Customized KIS 국공채지수,,2008-11-18,ESTABLISHED,,,투자신탁|증권(채권형)|개방형|추가형|종류형,,,DOC000062,1|3|9|46|48|11|14,[p.1] 미래에셋솔로몬장기국공채증권자투자신탁1호(채권); 코드 88824; 위험 5등급 | [p.11|14] 집합투자기구 연혁의 최초설정일 및 최초 클래스 설정일 2008-11-18
FUND000061,미래에셋자산운용,미래에셋AI퀀트미국투자등급회사채증권자투자신탁(채권),미래에셋AI퀀트미국투자등급회사채증권자투자신탁(채권),E4385,미래에셋자산운용㈜,채권형,채권,해외,투자목적 이 투자신탁은 채권에 주로 투자하는 모투자신탁을 법 시행령 제94조제2항제4호에서 규정하는 주된 투자대상자산으로 하여 이자수익 등의 투자 수익을 추구합니다.,4,4등급,Bloomberg US Corporate Total Return KRW Hedged * 95% + Call금리 5%,,2024-08-01,ESTABLISHED,,,투자신탁|증권(채권형)|개방형|추가형|종류형,,,DOC000063,1|4|10|49|50|12|15,[p.1] 미래에셋AI퀀트미국투자등급회사채증권자투자신탁(채권); 코드 E4385; 위험 4등급 | [p.12|15] 집합투자기구 연혁의 최초설정일 및 설정된 최초 클래스의 설정일 2024-08-01
FUND000062,미래에셋자산운용,미래에셋프리미엄크레딧초단기증권투자신탁(채권),미래에셋프리미엄크레딧초단기증권투자신탁(채권),EH101,미래에셋자산운용㈜,채권형,채권,국내,투자목적 이 투자신탁은 국내 채권 및 기업어음증권을 법 시행령 제94조제2항제4호에서 규정하는 주된 투자대상자산으로 하여 이 자수익등의 투자 수익을 추구합니다.,5,5등급,,,,NOT_ESTABLISHED,,,투자신탁|증권(채권형)|개방형|추가형|종류형,,,DOC000064,1|4|10|36|5|12|13,[p.1] 미래에셋프리미엄크레딧초단기증권투자신탁(채권); 코드 EH101; 위험 5등급; [p.36] 자산구성 현황 해당사항 없음 | [p.5|12|13] 운용실적 해당사항 없음; 연혁에는 2025-01-09 증권신고서 효력발생만 기재; 모든 클래스 최초설정일은 공란
FUND000063,미래에셋자산운용,미래에셋퇴직플랜증권자투자신탁1호(주식),미래에셋퇴직플랜증권자투자신탁1호(주식),53692,미래에셋자산운용㈜,주식형,주식,국내,투자목적 이 투자신탁은 국내 주식에 주로 투자하는 모투자신탁을 법 시행령 제94조제2항제4호에서 규정하는 주된 투자대상자산 으로 하여 투자대상자산의 가격 상승에 따른 투자 수익을 추구합니다.,2,2등급,KOSPI,,2006-01-04,ESTABLISHED,,,투자신탁|증권(주식형)|개방형|추가형|종류형,,,DOC000065,1|3|8|33|35|9|11,[p.1] 미래에셋퇴직플랜증권자투자신탁1호(주식); 코드 53692; 위험 2등급 | [p.9|11] 집합투자기구 연혁의 최초설정일 및 최초 클래스 설정일 2006-01-04
FUND000064,미래에셋자산운용,미래에셋라이프사이클2030연금증권전환형자투자신탁1호(주식),미래에셋라이프사이클2030연금증권전환형자투자신탁1호(주식),51915,미래에셋자산운용㈜,주식형,주식,국내,투자목적 이 투자신탁은 소득세법 및 조세특례제한법등 관련법령에 의하여 수익자의 노후생활을 대비하기 위한 자금마련을 목적으 로 하는 연금저축투자신탁으로서 국내와 해외의 주식 및 국내외 집합투자기구에 투자하는 모투자신탁을 법 시행령 제94 조제2항제4호에서 규정하는 주된 투자대상자산으로 하여 투자대상자산의 가격 상승에 따른 투자 수익을 추구합니다.,2,2등급,KOSPI,,2005-10-26,ESTABLISHED,,,투자신탁|증권(주식형)|개방형|추가형|종류형,,,DOC000066,1|3|9|69|70|11|18,[p.1] 미래에셋라이프사이클2030연금증권전환형자투자신탁1호(주식); 코드 51915; 위험 2등급 | [p.11|18] 집합투자기구 연혁의 최초설정일 및 최초 클래스 설정일 2005-10-26
FUND000065,미래에셋자산운용,미래에셋퇴직연금코어밸류증권자투자신탁1호(주식),미래에셋퇴직연금코어밸류증권자투자신탁1호(주식),A7482,미래에셋자산운용㈜,주식형,주식,국내,투자목적 이 투자신탁은 국내 주식에 주로 투자하는 모투자신탁을 법 시행령 제94조제2항제4호에서 규정하는 주된 투자대상자산 으로 하여 수익을 추구하는 것을 목적으로 합니다.,2,2등급,KOSPI,,2015-04-29,ESTABLISHED,,,투자신탁|증권(주식형)|개방형|추가형|종류형,,,DOC000067,1|3|8|33|35|9|11,[p.1] 미래에셋퇴직연금코어밸류증권자투자신탁1호(주식); 코드 A7482; 위험 2등급 | [p.9|11] 집합투자기구 연혁의 최초설정일 및 최초 클래스 설정일 2015-04-29
FUND000066,미래에셋자산운용,미래에셋퇴직연금고배당포커스증권자투자신탁1호(주식),미래에셋퇴직연금고배당포커스증권자투자신탁1호(주식),A7490,미래에셋자산운용㈜,주식형,주식,국내,투자목적 이 투자신탁은 국내 주식에 주로 투자하는 모투자신탁을 법 시행령 제94조제2항제4호에서 규정하는 주된 투자대상자산 으로 하여 수익을 추구하는 것을 목적으로 한다.,3,3등급,KOSPI,,2015-07-01,ESTABLISHED,,,투자신탁|증권(주식형)|개방형|추가형|종류형,,,DOC000068,1|3|8|33|35|9|11,[p.1] 미래에셋퇴직연금고배당포커스증권자투자신탁1호(주식); 코드 A7490; 위험 3등급 | [p.9|11] 집합투자기구 연혁의 최초설정일 및 최초 클래스 설정일 2015-07-01
FUND000067,미래에셋자산운용,미래에셋스마트롱숏70증권자투자신탁1호(주식),미래에셋스마트롱숏70증권자투자신탁1호(주식),AR143,미래에셋자산운용㈜,주식형,주식,국내,투자목적 이 투자신탁은 국내 주식을 주된 투자대상으로 하는 모투자신탁을 법 시행령 제94조제2항제4호에서 규정하는 주된 투자 대상자산으로 하여 투자대상자산의 가격 상승에 따른 투자 수익을 추구합니다.,4,4등급,KIS국고채1~ 2년× 70% + KOSPI× 30%,,2014-04-16,ESTABLISHED,,,투자신탁|증권(주식형)|개방형|추가형|종류형,,,DOC000069,1|3|9|48|50|11|13,[p.1] 미래에셋스마트롱숏70증권자투자신탁1호(주식); 코드 AR143; 위험 4등급 | [p.11|13] 집합투자기구 연혁의 최초설정일 및 최초 클래스 설정일 2014-04-16
FUND000068,미래에셋자산운용,미래에셋인덱스플러스연금증권전환형자투자신탁1호(주식),미래에셋인덱스플러스연금증권전환형자투자신탁1호(주식),AA454,미래에셋자산운용㈜,주식형,주식,국내,투자목적 이 투자신탁은 소득세법 및 조세특례제한법등 관련법령에 의하여 수익자의 노후생활을 대비하기 위한 자금마련을 목적으 로 하는 연금저축투자신탁으로서 국내의 주식 및 국내 집합투자기구에 투자하는 모투자신탁을 법 시행령 제94조제2항제 4호에서 규정하는 주된 투자대상자산으로 하여 투자대상자산의 가격 상승에 따른 투자 수익을 추구합니다.,2,2등급,KOSPI 200,,2012-05-07,ESTABLISHED,,,투자신탁|증권(주식형)|개방형|추가형|종류형,,,DOC000070,1|3|9|45|46|11|14,[p.1] 미래에셋인덱스플러스연금증권전환형자투자신탁1호(주식); 코드 AA454; 위험 2등급 | [p.11|14] 집합투자기구 연혁의 펀드 최초설정일; 종류 C 설정일은 2012-05-08 2012-05-07
FUND000069,미래에셋자산운용,미래에셋솔로몬초단기국공채증권자투자신탁2호(채권),미래에셋솔로몬초단기국공채증권자투자신탁2호(채권),BX428,미래에셋자산운용㈜,채권형,채권,국내,투자목적 이 투자신탁은 국내 국공채에 주로 투자하는 모투자신탁을 법 시행령 제94조제2항제4호에서 규정하는 주된 투자대상자 산으로 하여 이자 수익 등에 따른 투자 수익을 추구합니다.,6,6등급,Customized KIS 단기 국공채지수 (3M~ 1Y),,2017-10-23,ESTABLISHED,,,투자신탁|증권(채권형)|개방형|추가형|종류형,,,DOC000071,1|4|11|49|51|13|15,[p.1] 미래에셋솔로몬초단기국공채증권자투자신탁2호(채권); 코드 BX428; 위험 6등급 | [p.13|15] 집합투자기구 연혁의 최초설정일 및 최초 클래스 설정일 2017-10-23
FUND000070,미래에셋자산운용,미래에셋그린뉴딜인덱스증권자투자신탁(주식),미래에셋그린뉴딜인덱스증권자투자신탁(주식),94802,미래에셋자산운용㈜,주식형,주식,국내,투자목적 이 투자신탁은 ESG 중 E 관련 국내 주식에 주로 투자하는 모투자신탁을 법 시행령 제94조제2항제4호에서 규정하는 주된 투자대상자산으로 하여 “ MKF그린뉴딜지수” 를 추적대상지수로 하여 보수차감후 1좌당 순자산가치의 변동률을 지수의 변 동률과 유사하도록 투자신탁재산을 운용함을 목적으로 합니다.,1,1등급,MKF그린뉴딜지수,,2009-06-05,ESTABLISHED,,,투자신탁|증권(주식형)|개방형|추가형|종류형,,,DOC000072,1|3|9|48|50|11|14,[p.1] 미래에셋그린뉴딜인덱스증권자투자신탁(주식); 코드 94802; 위험 1등급 | [p.11|14] 집합투자기구 연혁의 최초설정일 및 최초 클래스 설정일 2009-06-05
FUND000071,미래에셋자산운용,미래에셋코어테크증권자투자신탁(주식),미래에셋코어테크증권자투자신탁(주식),CW637,미래에셋자산운용㈜,주식형,주식,국내,투자목적 이 투자신탁은 국내 주식에 투자하는 모투자신탁을 주된 투자대상자산으로 하여 수익을 추구하는 것을 목적으로 합니다.,1,1등급,없음 이 투자신탁은 투자전략의 특징상 비교 가능한 지수가 없습니다. 다만 아래와 같이 참조지수를 활용할 예정입니다. *참조지수: KOSPI * 100%,,2019-10-21,ESTABLISHED,,,투자신탁|증권(주식형)|개방형|추가형|종류형,,,DOC000073,1|4|10|47|49|12|14,[p.1] 미래에셋코어테크증권자투자신탁(주식); 코드 CW637; 위험 1등급 | [p.12|14] 집합투자기구 연혁의 최초설정일 및 최초 클래스 설정일 2019-10-21
FUND000072,미래에셋자산운용,미래에셋퇴직플랜KRX100인덱스증권자투자신탁1호(주식),미래에셋퇴직플랜KRX100인덱스증권자투자신탁1호(주식),92682,미래에셋자산운용㈜,주식형,주식,국내,투자목적 이 투자신탁은 국내 주식에 주로 투자하는 모투자신탁을 법 시행령 제94조제2항제4호에서 규정하는 주된 투자대상자산 으로 하여 수익을 추구하는 것을 목적으로 합니다.,2,2등급,KRX100 지수,,2014-01-15,ESTABLISHED,,,투자신탁|증권(주식형)|개방형|추가형|종류형,,,DOC000074,1|3|8|33|35|9|11,[p.1] 미래에셋퇴직플랜KRX100인덱스증권자투자신탁1호(주식); 코드 92682; 위험 2등급 | [p.9|11] 집합투자기구 연혁의 최초설정일 및 최초 클래스 설정일 2014-01-15
FUND000073,미래에셋자산운용,미래에셋연금아시아퍼시픽소비성장증권자투자신탁1호(주식),미래에셋연금아시아퍼시픽소비성장증권자투자신탁1호(주식),B5749,미래에셋자산운용㈜,주식형,주식,해외,투자목적 이 투자신탁은 아시아퍼시픽(일본제외) 지역 주식에 주로 투자하는 모투자신탁을 법 시행령 제94조제2항제4호에서 규정 하는 주된 투자대상자산으로 하여 투자대상자산의 가격 상승에 따른 투자 수익을 추구합니다.,3,3등급,MSCI AC Asia Pacific ex Japan Index,,2015-09-22,ESTABLISHED,,,투자신탁|증권(주식형)|개방형|추가형|종류형,,,DOC000075,1|3|9|46|47|11|14,[p.1] 미래에셋연금아시아퍼시픽소비성장증권자투자신탁1호(주식); 코드 B5749; 위험 3등급 | [p.11|14] 집합투자기구 연혁의 최초설정일 및 최초 클래스 설정일 2015-09-22
FUND000074,미래에셋자산운용,미래에셋퇴직플랜증권자투자신탁1호(채권),미래에셋퇴직플랜증권자투자신탁1호(채권),54348,미래에셋자산운용㈜,채권형,채권,국내,투자목적 이 투자신탁은 국내 채권에 주로 투자하는 모투자신탁을 법 시행령 제94조제2항제4호에서 규정하는 주된 투자대상자산 으로 하여 이자 소득 등의 투자 수익을 추구합니다.,5,5등급,Customized KIS국공채/은행채/회사채(1년이상),,2006-01-31,ESTABLISHED,,,투자신탁|증권(채권형)|개방형|추가형|종류형,,,DOC000076,1|3|8|37|39|9|12,[p.1] 미래에셋퇴직플랜증권자투자신탁1호(채권); 코드 54348; 위험 5등급 | [p.9|12] 집합투자기구 연혁의 최초설정일 및 최초 클래스 설정일 2006-01-31
FUND000075,미래에셋자산운용,미래에셋퇴직플랜단기증권자투자신탁1호(채권),미래에셋퇴직플랜단기증권자투자신탁1호(채권),53619,미래에셋자산운용㈜,채권형,채권,국내,투자목적 이 투자신탁은 국내 채권에 주로 투자하는 모투자신탁을 법 시행령 제94조제2항제4호에서 규정하는 주된 투자대상자산 으로 하여 이자 소득 등의 투자 수익을 추구합니다.,5,5등급,Customized KIS국공채/은행채/회사채(3M~ 3Y),,2006-01-02,ESTABLISHED,,,투자신탁|증권(채권형)|개방형|추가형|종류형,,,DOC000077,1|3|8|38|40|9|12,[p.1] 미래에셋퇴직플랜단기증권자투자신탁1호(채권); 코드 53619; 위험 5등급 | [p.9|12] 집합투자기구 연혁의 최초설정일 및 최초 클래스 설정일 2006-01-02
FUND000076,우리자산운용,우리하이플러스채권증권자투자신탁1호(채권),우리하이플러스채권증권자투자신탁1호(채권),58431,우리자산운용㈜,채권형,국내채권,국내,우리하이플러스증권모투자신탁(채권)에 투자신탁재산의 60% 이상 투자,5,5등급(낮은 위험),KOBI120 채권지수,1.28,2005-04-27,ESTABLISHED,,,투자신탁|증권(채권형)|개방형|추가형|종류형|모자형,,평균 듀레이션 0.7년~1.3년,DOC000078,1|4|9|25|28|52,"[p.1,4,9,25,28,52] 펀드코드 58431; 위험 5등급; 97.5% VaR 1.28%; 비교지수 KOBI120 채권지수; 최초설정 2005-04-27"
FUND000077,우리자산운용,우리나라초단기채권증권투자신탁[채권],우리나라초단기채권증권투자신탁[채권],EA909,우리자산운용㈜,채권형,국내채권,국내,국내 채권 등에 60% 이상 투자; 잔존만기 3개월 내외 단기사채·기업어음 중심,5,5등급(낮은 위험),Call 100%,,2024-04-22,ESTABLISHED,,,투자신탁|증권(채권형)|개방형|추가형|종류형,,평균 듀레이션 0.3년 내외,DOC000079,1|4|9|30|31|32|44|45,[원문] 우리나라초단기채권증권투자신탁[채권]; 펀드코드 EA909; 위험 5등급(낮은 위험); 비교지수 Call 100%
FUND000078,우리자산운용,우리나라중단기ESG채권증권자투자신탁1호(채권),우리나라중단기ESG채권증권자투자신탁1호(채권),98748,우리자산운용㈜,채권형,국내채권,국내,우리나라중단기ESG채권증권모투자신탁(채권)에 60% 이상 투자,5,5등급(낮은 위험),매경 BP 1년지수 100%,1.89,2011-01-17,ESTABLISHED,,,투자신탁|증권(채권형)|개방형|추가형|종류형|모자형,,,DOC000080,1|4|11|40|41|54,[원문] 우리나라중단기ESG채권증권자투자신탁1호(채권); 펀드코드 98748; 위험 5등급(낮은 위험); 비교지수 매경 BP 1년지수 100%
FUND000079,우리자산운용,우리단기채권증권투자신탁(채권),우리단기채권증권투자신탁(채권),BB020,우리자산운용㈜,채권형,국내채권,국내,신용등급 A2 이상 어음 및 전자단기사채에 50% 이상 투자; 잔존만기 180일 내외,6,6등급(매우 낮은 위험),매경 BP 단기지수 85% + Call 15%,0.62,2016-03-16,ESTABLISHED,,,투자신탁|증권(채권형)|개방형|추가형|종류형,,잔존만기 180일 내외,DOC000081,1|4|8|29|30|31|44,[원문] 우리단기채권증권투자신탁(채권); 펀드코드 BB020; 위험 6등급(매우 낮은 위험); 비교지수 매경 BP 단기지수 85% + Call 15%
FUND000080,키움투자자산운용,키움 연금 증권 자투자신탁 제C1호[국공채],키움연금증권자투자신탁제C1호[국공채],31638,키움투자자산운용 주식회사,채권형,국공채,국내,키움 퇴직연금 증권 모투자신탁[국공채]에 자산총액의 90% 이상 투자,5,5등급(낮은 위험),KAP통안증권지수 100%,1.54,2001-02-23,ESTABLISHED,,,투자신탁|증권(채권형)|개방형|추가형|모자형,,,DOC000082,1|3|7|8|18|32,"[p.1,3,7,8,18,32] 펀드코드 31638; 위험 5등급; 97.5% VaR 1.54%; 비교지수 KAP통안증권지수 100%; 최초설정 2001-02-23"
FUND000081,키움투자자산운용,키움 단기 국공채 증권 자투자신탁 제1호[채권],키움단기국공채증권자투자신탁제1호[채권],AO654,키움투자자산운용 주식회사,채권형,단기국공채,국내,키움 단기국공채 증권 모투자신탁[채권]에 자산총액의 90% 이상 투자,6,6등급(매우 낮은 위험),MK 머니마켓 지수(총수익지수) 100%,0.32,2014-02-27,ESTABLISHED,,,투자신탁|증권(채권형)|개방형|추가형|종류형|모자형,,,DOC000083,1|3|8|21|40|41|43,"[p.1,3,8,21,40-41,43] 코드 AO654; 위험 6등급; 97.5% VaR 0.32%; 비교지수 MK 머니마켓 지수"
FUND000082,키움투자자산운용,키움파이어니어ESG증권자투자신탁제1호[채권],키움파이어니어ESG증권자투자신탁제1호[채권],53657,키움투자자산운용 주식회사,채권형,ESG채권,국내,키움 ESG 증권 모투자신탁[채권]에 자산총액의 90% 이상 투자,5,5등급(낮은 위험),KAP종합채권 100%,8.2,2006-01-13,ESTABLISHED,,,투자신탁|증권(채권형)|개방형|추가형|모자형|종류형,,,DOC000084,1|4|11|12|25|31|39|40,"[p.1,4,11-12,25,31,39-40] 코드 53657; 위험 5등급; 97.5% VaR 8.2%; 비교지수 KAP종합채권 100%; 펀드 연혁상 최초설정일 2006-01-13"
FUND000083,키움투자자산운용,키움더드림단기채증권투자신탁[채권],키움더드림단기채증권투자신탁[채권],BN894,키움투자자산운용 주식회사,채권형,단기채권,국내,전자단기사채 및 어음 등(A2- 이상)을 포함한 채권·어음에 자산총액의 60% 이상 투자,6,6등급(매우 낮은 위험),MK 머니마켓 지수 100%,0.28,2017-12-13,ESTABLISHED,,,투자신탁|증권(채권형)|개방형|추가형|종류형,,,DOC000085,1|3|8|9|12|19|25|26|39|40|42,"[p.1,3,8-9,12,19,25-26,39-40,42] 코드 BN894; 위험 6등급; 97.5% VaR 0.28%; 비교지수 MK 머니마켓 지수 100%"
FUND000084,키움투자자산운용,키움 Smart Investor 분할매수 증권 자투자신탁 제1호[주식혼합-재간접형],키움SmartInvestor분할매수증권자투자신탁제1호[주식혼합-재간접형],A9256,키움투자자산운용 주식회사,혼합형,주식혼합-재간접형,국내,키움 Smart Investor 분할매수 증권 모투자신탁[주식혼합-재간접형]에 50% 이상 투자,2,2등급(높은 위험),,36.95,2012-04-09,ESTABLISHED,,,투자신탁|증권(주식혼합-재간접형)|개방형|추가형|모자형|종류형,,,DOC000086,1|5|10|11|28|35|36|49|50|52,[p.1|5|10|11|28|35|36|49|50|52] 코드 A9256; 위험 2등급; 97.5% VaR 36.95%; 비교지수 없음
FUND000085,키움투자자산운용,키움 차세대모빌리티 증권 자투자신탁 제1호[주식],키움차세대모빌리티증권자투자신탁제1호[주식],A3164,키움투자자산운용 주식회사,주식형,차세대모빌리티,국내,국내 주식에 주로 투자하는 키움 차세대모빌리티 증권 모투자신탁[주식]에 투자,2,2등급(높은 위험),KOSPI 지수 100%,39.84,2011-05-23,ESTABLISHED,,,투자신탁|증권(주식형)|개방형|추가형|모자형|종류형,,,DOC000087,1|3|8|9|20|28|29|43|44|46,[p.1|3|8|9|20|28|29|43|44|46] 코드 A3164; 위험 2등급; 97.5% VaR 39.84%; 비교지수 KOSPI 지수 100%
FUND000086,한국투자신탁운용,한국투자 골드플랜 연금 증권 전환형 투자신탁 1호(국공채),한국투자골드플랜연금증권전환형투자신탁1호(국공채),31405,한국투자신탁운용주식회사,채권형,국공채,국내,"국공채에 증권의 50% 이상 투자하고, 채권에 자산총액의 60% 이상 95% 이하 투자",5,5등급(낮은 위험),Customized 매경BP국공채지수 100%,5.16,2001-01-31,ESTABLISHED,,,투자신탁|증권(채권형)|개방형|추가형|종류형|전환형,,,DOC000088,1|5|10|12|29|30|40|51|53,"[p.1,5,10,12,29-30,40,51,53] 코드 31405; 위험 5등급; 97.5% VaR 5.16%; 비교지수 Customized 매경BP국공채지수 100%"
FUND000087,한국투자신탁운용,한국투자 골드플랜 연금 증권 전환형 자투자신탁 1호(채권),한국투자골드플랜연금증권전환형자투자신탁1호(채권),31406,한국투자신탁운용주식회사,채권형,우량채권,국내,한국투자 스마트코리아 증권 모투자신탁(채권)에 자산총액의 60% 이상 투자,5,5등급(낮은 위험),Customized 매경BP채권지수 100%,4.38,2001-01-31,ESTABLISHED,,,투자신탁|증권(채권형)|개방형|추가형|종류형|모자형|전환형,,,DOC000089,1|5|10|12|33|34|45|46|57|59,"[p.1,5,10,12,33-34,45-46,57,59] 코드 31406; 위험 5등급; 97.5% VaR 4.38%; 비교지수 Customized 매경BP채권지수 100%"
FUND000088,한국투자신탁운용,한국투자 크레딧포커스 ESG 증권 자투자신탁 1호(채권),한국투자크레딧포커스ESG증권자투자신탁1호(채권),88828,한국투자신탁운용주식회사,채권형,ESG크레딧,국내,"한국투자 크레딧포커스 ESG 증권 모투자신탁(채권)에 60% 이상 투자; 모펀드는 A등급 이상 크레딧 채권 60% 이상, ESG 상위 3개 등급 채권 50% 이상 투자",5,5등급(낮은 위험),KOBI120지수 100%,1.57,2008-11-03,ESTABLISHED,,,투자신탁|증권(채권형)|개방형|추가형|종류형|모자형,,,DOC000090,1|6|11|13|32|42|43|61|62|64,"[p.1,6,11,13,32,42-43,61-62,64] 코드 88828; 위험 5등급; 97.5% VaR 1.57%; 비교지수 KOBI120지수 100%"
FUND000089,한국투자신탁운용,한국투자 골드플랜 연금 증권 전환형 투자신탁 1호(주식),한국투자골드플랜연금증권전환형투자신탁1호(주식),31408,한국투자신탁운용주식회사,주식형,대형가치주,국내,내재가치 대비 저평가된 국내 주식에 자산총액의 60% 이상 95% 이하 투자,2,2등급(높은 위험),KOSPI 85.5% + CD금리 14.5%,32.92,2001-01-31,ESTABLISHED,,,투자신탁|증권(주식형)|개방형|추가형|종류형|전환형,,,DOC000091,1|5|11|30|31|41|52|54,"[p.1,5,11,30-31,41,52,54] 코드 31408; 위험 2등급; 97.5% VaR 32.92%; 비교지수 KOSPI 85.5% + CD금리 14.5%"
FUND000090,한국투자신탁운용,한국투자 중소밸류 증권 자투자신탁(주식),한국투자중소밸류증권자투자신탁(주식),71774,한국투자신탁운용주식회사,주식형,중소형가치주,국내,한국투자 중소밸류 증권 모투자신탁(주식)에 60% 이상 투자; 모펀드는 국내 중소형 가치주에 60% 이상 투자,3,3등급(다소 높은 위험),중소형지수수익률 90% + CD금리 10%,29.11,2007-07-23,ESTABLISHED,,,투자신탁|증권(주식형)|개방형|추가형|종류형|모자형,,,DOC000092,1|6|11|13|31|32|42|43|61|62|64,"[p.1,6,11,13,31-32,42-43,61-62,64] 코드 71774; 위험 3등급; 97.5% VaR 29.11%; 비교지수 중소형지수 90% + CD금리 10%"
FUND000091,한국투자신탁운용,한국투자 인덱스플러스 증권 투자신탁 1호(주식-파생형),한국투자인덱스플러스증권투자신탁1호(주식-파생형),61288,한국투자신탁운용주식회사,주식형,인덱스·주식파생형,국내,국내 주식 및 주식관련 장내파생상품에 60% 이상 투자하여 KOSPI200 지수 수익률 추종,2,2등급(높은 위험),KOSPI 200 100%,37.33,2006-10-23,ESTABLISHED,,,투자신탁|증권(주식파생형)|개방형|추가형|종류형,,,DOC000093,1|5|10|12|17|22|28|37|38|54|55|57,"[p.1,5,10,12,17,22,28,37-38,54-55,57] 코드 61288; 위험 2등급; 97.5% VaR 37.33%; 비교지수 KOSPI 200 100%"
FUND000092,한국투자신탁운용,한국투자 퇴직연금 증권 자투자신탁 1호(국공채),한국투자퇴직연금증권자투자신탁1호(국공채),53365,한국투자신탁운용주식회사,채권형,국공채,국내,한국투자 장기채 증권 모투자신탁(국공채)에 100% 이하 투자; 모펀드는 국공채에 70% 이상 투자,5,5등급(낮은 위험),Customized 매경BP국공채지수 100%,6.31,2006-01-02,ESTABLISHED,,,투자신탁|증권(채권형)|개방형|추가형|종류형|모자형,,장기,DOC000094,1|5|11|25|26|35|36|45|47,"[p.1,5,11,25-26,35-36,45,47] 코드 53365; 위험 5등급; 97.5% VaR 6.31%; 비교지수 Customized 매경BP국공채지수 100%"
